prep_1,case_1,prep_2,case_2,label
адекватно,дат,в соответствии с,твор,квалификатив
адекватно к,дат,в соответствии с,твор,квалификатив
аки,им,а-ля,им,квалификатив
а-ля,им,подобно,дат,квалификатив
а-ля,им,в манере,род,квалификатив
а-ля,им,в стиле,род,квалификатив
а-ля,им,на манер,род,квалификатив
а-ля,им,аки,им,квалификатив
а-ля,им,как,им,квалификатив
а-ля,им,в манере,род,квалификатив
а-ля,им,в стиле,им,квалификатив
а-ля,им,в стиле,род,квалификатив
а-ля,им,на манер,род,квалификатив
а-ля,им,подобно,дат,квалификатив
аналогично,дат,подобно,дат,квалификатив
без,род,без помощи,род,квалификатив
без,род,без сопровождения,род,квалификатив
без,род,вне,род,квалификатив
без,род,вне границ,род,квалификатив
без,род,вне пределов,род,квалификатив
без,род,вне рамок,род,квалификатив
без,род,вне сферы,род,квалификатив
без,род,за исключением,род,квалификатив
без,род,сверх,род,квалификатив
без,род,помимо,род,квалификатив
без ведома,род,без согласия,род,ситуатив
без ведома,род,без уведомления,род,ситуатив
без ведома,род,без разрешения,род,ситуатив
без ведома,род,без согласия,род,ситуатив
без оглядки на,вин,несмотря на,вин,комитатив
без помощи,род,без,род,квалификатив
без разрешения,род,без ведома,род,ситуатив
без согласия,род,без ведома,род,ситуатив
без согласия,род,без ведома,род,ситуатив
без сопровождения,род,без,род,квалификатив
без уведомления,род,без ведома,род,ситуатив
благодаря,дат,вследствие,род,каузатив
благодаря,дат,по милости,род,каузатив
благодаря,дат,по причине,род,каузатив
благодаря,дат,при,предл,каузатив
благодаря,дат,при помощи,род,каузатив
благодаря,дат,через,вин,каузатив
благодаря,дат,из-за,род,каузатив
благодаря,дат,в результате,род,каузатив
благодаря,дат,вследствие,род,каузатив
благодаря,дат,за счет,род,каузатив
благодаря,дат,на основании,род,каузатив
благодаря,дат,по милости,род,каузатив
благодаря,дат,по причине,род,каузатив
благодаря,дат,при помощи,род,каузатив
благодаря,дат,ради,род,каузатив
благодаря давности,род,по прошествии,род,темпоратив
близ,род,близи,род,локатив
близ,род,у,род,локатив
близ,род,возле,род,локатив
близ,род,вокруг,род,локатив
близ,род,дли,род,локатив
близ,род,около,род,локатив
близ,род,по соседству с,твор,локатив
близ,род,подле,род,локатив
близ,род,при,предл,локатив
близ,род,рядом с,твор,локатив
близ,род,в нескольких шагах от,род,локатив
близ,род,вблизи,род,локатив
близ,род,вблизи от,род,локатив
близ,род,возле,род,локатив
близ,род,вокруг,род,локатив
близ,род,невдалеке от,род,локатив
близ,род,неподалёку от,род,локатив
близ,род,обок,род,локатив
близ,род,около,род,локатив
близ,род,округ,род,локатив
близ,род,поблизости,род,локатив
близ,род,подле,род,локатив
близ,род,рядом с,твор,локатив
близ,род,у ворот,род,локатив
близ,род,у стен,род,локатив
близи,род,близ,род,локатив
близко,дат,подобно,дат,квалификатив
близко к,дат,вблизи,род,локатив
близко к,дат,вблизи от,род,локатив
близко к,дат,недалеко от,род,локатив
близко к,дат,подле,род,локатив
близко от,род,недалеко от,род,локатив
близко от,род,вблизи от,род,локатив
близко от,род,рядом с,твор,локатив
близко от,род,невдалеке от,род,локатив
близко от,род,подле,род,локатив
близко от,род,возле,род,локатив
близко от,род,возле,род,локатив
близко от,род,невдалеке от,род,локатив
близко от,род,недалеко от,род,локатив
близко от,род,поблизости от,род,локатив
близко от,род,рядом с,твор,локатив
бок о бок с,твор,невдалеке от,род,локатив
бок о бок с,твор,недалеко от,род,локатив
бок о бок с,твор,подле,род,локатив
будто,им,в виде,род,квалификатив
будто,им,подобно,дат,квалификатив
в,предл,в течение,род,темпоратив
в авангарде,род,во главе,род,локатив
в адрес,род,в сторону,род,дестинатив
в адрес,род,по отношению к,дат,дестинатив
в близости к,дат,невдалеке от,род,локатив
в близости к,дат,недалеко от,род,локатив
в близости от,род,невдалеке от,род,локатив
в близости от,род,недалеко от,род,локатив
в близости от,род,рядом с,твор,локатив
в бытность,род,в течение,род,темпоратив
в виде,род,вроде,род,квалификатив
в виде,род,как,им,квалификатив
в виде,род,типа,род,квалификатив
в виде,род,на манер,род,квалификатив
в виде,род,будто,им,квалификатив
в виде,род,подобно,дат,квалификатив
в виде,род,нечто вроде,род,квалификатив
в виде,род,наподобие,род,квалификатив
в виде,род,что-то вроде,род,квалификатив
в виде,род,в качестве,род,квалификатив
в виде,род,в плане,род,квалификатив
в виде,род,в порядке,род,квалификатив
в виде,род,в смысле,род,квалификатив
в виде,род,в форме,род,квалификатив
в виде,род,вроде,род,квалификатив
в виде,род,наподобие,род,квалификатив
в виде,род,подобно,дат,квалификатив
в виде,род,типа,род,квалификатив
в виду,род,в рамках,род,тематив
в возмещение,род,вместо,род,квалификатив
в выгоду,дат,в пользу,род,дестинатив
в глубь,род,внутрь,род,директив
в границах,род,в рамках,род,тематив
В двух шагах от,род,поблизости от,род,локатив
в духе,род,в манере,род,квалификатив
в духе,род,в стиле,им,квалификатив
в духе,род,в стиле,род,квалификатив
в духе,род,под тон,род,квалификатив
в духе,род,под тон,дат,квалификатив
в зависимости от,род,с учётом,род,каузатив
в зависимости от,род,по,дат,каузатив
в зависимости от,род,принимая во внимание,вин,каузатив
в зависимости от,род,в соответствии с,твор,каузатив
в зависимости от,род,исходя из,род,каузатив
в зависимости от,род,следуя из,род,каузатив
в зависимости от,род,из-за,род,каузатив
в зависимости от,род,в связи с,твор,каузатив
в зависимости от,род,вследствие,род,каузатив
в зависимости от,род,исходя из,род,каузатив
в зависимости от,род,на основе,род,каузатив
в зависимости от,род,под каблуком,род,каузатив
в зависимости от,род,под началом,род,каузатив
в зависимости от,род,применительно к,дат,каузатив
в зависимости от,род,с учётом,род,каузатив
в зависимости от,род,смотря по,дат,каузатив
в зависимости от,род,соответственно,дат,каузатив
в зависимости от,род,соответственно с,твор,каузатив
в заключение,род,под конец,род,темпоратив
в заключение,род,в конце,род,темпоратив
в заключение,род,в конце,род,темпоратив
в заключение,род,под конец,род,темпоратив
в замен,род,вместо,род,квалификатив
в замену,род,вместо,род,квалификатив
в замену,дат,вместо,род,квалификатив
в знак,род,в качестве,род,квалификатив
в интересах,род,для,род,дестинатив
в интересах,род,в пользу,род,дестинатив
в интересах,род,в пользу,род,дестинатив
в интересах,род,в угодность,дат,дестинатив
в интересах,род,в угоду,дат,дестинатив
в интересах,род,для-ради,род,дестинатив
в интересах,род,ради,род,дестинатив
в ипостаси,род,в качестве,род,квалификатив
в ипостаси,род,в роли,род,квалификатив
в ипостаси,род,в качестве,род,квалификатив
в ипостаси,род,в роли,род,квалификатив
в итоге,род,в результате,род,каузатив
в канун,род,накануне,род,темпоратив
в качестве,род,в ипостаси,род,квалификатив
в качестве,род,в роли,род,квалификатив
в качестве,род,в виде,род,квалификатив
в качестве,род,в знак,род,квалификатив
в качестве,род,в ипостаси,род,квалификатив
в качестве,род,в порядке,род,квалификатив
в качестве,род,в роли,род,квалификатив
в качестве,род,на правах,род,квалификатив
в компании с,твор,вместе с,твор,комитатив
в контраст,дат,напротив,род,локатив
в контраст с,твор,напротив,род,локатив
в контрасте с,твор,напротив,род,локатив
в конце,род,в заключение,род,темпоратив
в конце,род,в заключение,род,темпоратив
в манере,род,в духе,род,квалификатив
в манере,род,а-ля,им,квалификатив
в манере,род,а-ля,им,квалификатив
в меру,род,по мере,род,темпоратив
в меру,род,сообразно,дат,квалификатив
в меру,род,соответственно,дат,квалификатив
в меру,род,по мере,род,темпоратив
в меру,род,сообразно,дат,квалификатив
в меру,род,сообразно с,твор,квалификатив
в меру,род,соразмерно с,твор,квалификатив
в мире,род,в области,род,тематив
в направлении к,дат,по направлению к,дат,директив
в нарушение,род,вопреки,дат,директив
в нескольких шагах от,род,рядом с,твор,локатив
в нескольких шагах от,род,возле,род,локатив
в нескольких шагах от,род,невдалеке от,род,локатив
в нескольких шагах от,род,недалеко от,род,локатив
в нескольких шагах от,род,близ,род,локатив
в нескольких шагах от,род,подле,род,локатив
в области,род,по,дат,тематив
в области,род,по части,род,тематив
в области,род,в сфере,род,тематив
в области,род,в мире,род,тематив
в области,род,в плане,род,тематив
в области,род,в поле,род,тематив
в области,род,в смысле,род,тематив
в области,род,в сфере,род,тематив
в области,род,по вопросам,род,тематив
в области,род,по части,род,тематив
в обмен,вин,взамен,род,квалификатив
в обмен,вин,взамен,дат,квалификатив
в обмен,род,вместо,род,квалификатив
в обмен на,вин,взамен,род,квалификатив
в обмен на,вин,взамен,дат,квалификатив
в обмен на,вин,вместо,род,квалификатив
в образе,род,наподобие,род,квалификатив
в обход,род,кругом,род,директив
в обход,род,в объезд,род,директив
в обход,дат,кругом,род,директив
в обход,дат,в объезд,род,директив
в обществе,род,в сопровождении,род,комитатив
в объезд,род,в обход,род,директив
в объезд,род,в обход,дат,директив
в одно время с,твор,вместе с,твор,комитатив
в одном из,род,в числе,род,комитатив
в одном ряду с,твор,подле,род,локатив
в отдалении от,род,вдалеке от,род,локатив
в отдалении от,род,вдали от,род,локатив
в отдалении от,род,вдалеке от,род,локатив
в отличие от,род,не в пример,дат,квалификатив
в отличие от,род,не в пример,дат,квалификатив
в отношении,род,что до,род,дестинатив
в отношении,род,в рассуждении,род,дестинатив
в отношении,род,в части,род,дестинатив
в отношении,род,касательно,род,дестинатив
в отношении,род,насчёт,род,дестинатив
в отношении,род,о,предл,дестинатив
в отношении,род,относительно,род,дестинатив
в отношении,род,по отношению,род,дестинатив
в отношении,род,по части,род,дестинатив
в отношении,род,в рассуждении,род,дестинатив
в отношении,род,в части,род,дестинатив
в отношении,род,насчет,род,дестинатив
в отношении,род,относительно,род,дестинатив
в отношении,род,по вопросам,род,дестинатив
в отношении,род,по отношению к,дат,дестинатив
в отношении,род,по поводу,род,дестинатив
в отношении,род,по части,род,дестинатив
в отношении,род,под углом,род,дестинатив
в отношении,род,что до,род,дестинатив
в отрыве от,род,в стороне от,род,локатив
в память,род,в честь,род,дестинатив
в память,дат,в честь,род,дестинатив
в память,род,в честь,род,дестинатив
в память о,предл,в честь,род,дестинатив
в пику,дат,напротив,род,локатив
в плане,род,в области,род,тематив
в плане,род,в виде,род,квалификатив
в плане,род,в смысле,род,тематив
в плане,род,касательно,род,тематив
в поле,род,в области,род,тематив
в пользу,род,в выгоду,дат,дестинатив
в пользу,род,в интересах,род,дестинатив
в пользу,род,в угоду,дат,дестинатив
в пользу,род,ради блага,род,дестинатив
в пользу,род,ради выгоды,род,дестинатив
в пользу,род,для,род,дестинатив
в пользу,род,ради,род,дестинатив
в пользу,род,в интересах,род,дестинатив
в пользу,род,в угодность,дат,дестинатив
в пользу,род,в угоду,дат,дестинатив
в пользу,род,от имени,род,дестинатив
в пользу,род,от лица,род,дестинатив
в пользу,род,по поручению,род,дестинатив
в пользу,род,ради,род,дестинатив
в порядке,род,в качестве,род,квалификатив
в порядке,род,в виде,род,квалификатив
в предвкушении,род,в преддверии,род,темпоратив
в преддверии,род,на пороге,род,темпоратив
в преддверии,род,перед,твор,темпоратив
в преддверии,род,накануне,род,темпоратив
в преддверии,род,в предвкушении,род,темпоратив
в преддверии,род,на пороге,род,темпоратив
в преддверии,род,накануне,род,темпоратив
в пределах,род,в течение,род,темпоратив
в пределах,род,в рамках,род,тематив
в пределах,род,в рамках,род,тематив
в применении,род,сообразно,дат,квалификатив
в применении,род,сообразно с,твор,квалификатив
в применении к,дат,согласно,дат,квалификатив
в применении к,дат,сообразно,дат,квалификатив
в применении к,дат,соответственно,дат,квалификатив
в продолжение,род,в течение,род,каузатив
в продолжение,род,в течение,род,каузатив
в продолжение,род,на протяжении,род,каузатив
в противность,дат,напротив,род,локатив
в противовес,дат,в противоположность,дат,квалификатив
в противовес,дат,в противоположность,дат,квалификатив
в противовес,дат,напротив,род,квалификатив
в противоположность,дат,в противовес,дат,квалификатив
в противоположность,дат,в противовес,дат,квалификатив
в противоположность,дат,напротив,род,квалификатив
в процессе,род,в ходе,род,темпоратив
в процессе,род,во время,род,темпоратив
в процессе,род,в течение,род,темпоратив
в процессе,род,в рамках,род,темпоратив
в процессе,род,в течение,род,темпоратив
в процессе,род,в ходе,род,темпоратив
в процессе,род,по ходу,род,темпоратив
в прошествии,род,по прошествии,род,темпоратив
в пути,род,по пути,род,потенсив
в развитии,род,в течение,род,темпоратив
в разрезе,род,в смысле,род,тематив
в рамках,род,в ходе,род,тематив
в рамках,род,в процессе,род,тематив
в рамках,род,в виду,род,тематив
в рамках,род,в пределах,род,тематив
в рамках,род,в границах,род,тематив
в рамках,род,в пределах,род,тематив
в рамках,род,в русле,род,тематив
в рамках,род,в стенах,род,тематив
в рамках,род,в ходе,род,тематив
в рамках,род,под эгидой,род,тематив
в рассуждении,род,в отношении,род,дестинатив
в рассуждении,род,по части,род,тематив
в рассуждении,род,в отношении,род,дестинатив
в рассуждении о,предл,насчет,род,тематив
в результате,род,по причине,род,каузатив
в результате,род,из-за,род,каузатив
в результате,род,вследствие,род,каузатив
в результате,род,благодаря,дат,каузатив
в результате,род,на основании,род,каузатив
в результате,род,в итоге,род,каузатив
в результате,род,на основании,род,каузатив
в результате,род,из,род,каузатив
в результате,род,от,род,каузатив
в результате,род,по,дат,каузатив
в результате,род,с,род,каузатив
в результате,род,за,вин,каузатив
в результате,род,в силу,род,каузатив
в результате,род,ввиду,род,каузатив
в результате,род,за неимением,род,каузатив
в результате,род,по причине,род,каузатив
в роли,род,в ипостаси,род,квалификатив
в роли,род,в качестве,род,квалификатив
в роли,род,в ипостаси,род,квалификатив
в роли,род,в качестве,род,квалификатив
в русле,род,в рамках,род,тематив
в ряду,род,в числе,род,комитатив
в ряду,род,в числе,род,комитатив
в ряду с,твор,в числе,род,комитатив
в связи с,твор,в зависимости от,род,каузатив
в связи с,твор,за счет,род,инструментив
в связи с,твор,насчет,род,тематив
в середину,род,внутрь,род,директив
в середину,род,вовнутрь,род,директив
в силу,род,в результате,род,каузатив
в силу,род,в соответствии с,твор,каузатив
в силу,род,за неимением,род,каузатив
в силу,род,за счет,род,каузатив
в силу,род,исходя из,род,каузатив
в силу,род,на основании,род,каузатив
в силу,род,по причине,род,каузатив
в ситуации,род,в условиях,род,ситуатив
в смысле,род,в терминах,род,тематив
в смысле,род,в разрезе,род,тематив
в смысле,род,в сфере,род,тематив
в смысле,род,в области,род,тематив
в смысле,род,в виде,род,тематив
в смысле,род,в плане,род,тематив
в согласии,род,согласно,дат,квалификатив
в содружестве с,твор,совместно с,твор,комитатив
в содружестве с,твор,вместе с,твор,комитатив
в сообществе,род,вместе с,твор,комитатив
в сообществе,род,в сопровождении,род,комитатив
в сообществе,род,совместно с,твор,комитатив
в сообществе,род,в сопровождении,род,комитатив
в сообществе с,твор,совместно с,твор,комитатив
в сообществе с,твор,вместе с,твор,комитатив
в сообществе с,твор,в сопровождении,род,комитатив
в соответствии с,твор,адекватно,дат,квалификатив
в соответствии с,твор,адекватно к,дат,квалификатив
в соответствии с,твор,соответственно с,твор,квалификатив
в соответствии с,твор,соответственно,дат,квалификатив
в соответствии с,твор,согласно,дат,квалификатив
в соответствии с,твор,исходя из,род,квалификатив
в соответствии с,твор,в силу,род,квалификатив
в соответствии с,твор,опираясь на,вин,квалификатив
в соответствии с,твор,в зависимости от,род,квалификатив
в соответствии с,твор,в уровень с,твор,квалификатив
в соответствии с,твор,исходя из,род,квалификатив
в соответствии с,твор,смотря по,дат,квалификатив
в соответствии с,твор,согласно,дат,квалификатив
в соответствии с,твор,согласно с,твор,квалификатив
в соответствии с,твор,сообразно,дат,квалификатив
в соответствии с,твор,сообразно с,твор,квалификатив
в соответствии с,твор,соответственно,дат,квалификатив
в соответствии с,твор,соответственно с,твор,квалификатив
в соответствии с,твор,соразмерно,дат,квалификатив
в соответствии с,твор,соразмерно с,твор,квалификатив
в соотнесении с,твор,по сравнению с,твор,квалификатив
в сопоставлении с,твор,по сравнению с,твор,квалификатив
в сопоставлении с,твор,в сравнении с,твор,квалификатив
в сопоставлении с,твор,сравнительно с,твор,квалификатив
в сопоставлении с,твор,в сравнении с,твор,квалификатив
в сопоставлении с,твор,по сравнению с,твор,квалификатив
в сопоставлении с,твор,рядом с,твор,локатив
в сопровождении,род,в сообществе,род,комитатив
в сопровождении,род,в сообществе с,твор,комитатив
в сопровождении,род,вместе с,твор,комитатив
в сопровождении,род,в обществе,род,комитатив
в сопровождении,род,при,предл,комитатив
в сопровождении,род,с,твор,комитатив
в сопровождении,род,в сообществе,род,комитатив
в сопровождении,род,вместе с,твор,комитатив
в соседстве с,твор,рядом с,твор,локатив
в сочетании с,твор,вместе с,твор,комитатив
в сравнени с,твор,по сравнению с,твор,квалификатив
в сравнении с,твор,в сопоставлении с,твор,квалификатив
в сравнении с,твор,по сравнению с,твор,квалификатив
в сравнении с,твор,сравнительно с,твор,квалификатив
в сравнении с,твор,в сопоставлении с,твор,квалификатив
в сравнении с,твор,против,род,квалификатив
в сравнении с,твор,рядом с,твор,квалификатив
в сравнении с,твор,сравнительно с,твор,квалификатив
в среде,род,в условиях,род,ситуатив
в стезю,род,по пути,род,потенсив
в стезях,род,по пути,род,потенсив
в стенах,род,в рамках,род,тематив
в стиле,им,в духе,род,квалификатив
в стиле,им,а-ля,им,квалификатив
в стиле,род,в духе,род,квалификатив
в стиле,род,а-ля,им,квалификатив
в стиле,род,а-ля,им,квалификатив
в стиле,род,наподобие,род,квалификатив
в стороне от,род,отдельно от,род,локатив
в стороне от,род,в отрыве от,род,локатив
в стороне от,род,отдельно от,род,локатив
в стороне от,род,поодаль от,род,локатив
в сторону,род,в адрес,род,дестинатив
в супряге с,твор,вместе с,твор,комитатив
в супряге с,твор,совместно с,твор,комитатив
в сфере,род,в области,род,тематив
в сфере,род,в области,род,тематив
в сфере,род,в смысле,род,тематив
в сфере,род,по части,род,тематив
в счет,род,за счет,род,дестинатив
в терминах,род,в смысле,род,тематив
в течение,род,на протяжении,род,темпоратив
в течение,род,в продолжение,род,темпоратив
в течение,род,во время,род,темпоратив
в течение,род,в развитии,род,темпоратив
в течение,род,в ходе,род,темпоратив
в течение,род,в процессе,род,темпоратив
в течение,род,за период,род,темпоратив
в течение,род,в,предл,темпоратив
в течение,род,в бытность,род,темпоратив
в течение,род,в пределах,род,темпоратив
в течение,род,в продолжение,род,темпоратив
в течение,род,в процессе,род,темпоратив
в течение,род,в ходе,род,темпоратив
в течение,род,во время,род,темпоратив
в течение,род,на протяжении,род,темпоратив
в течение,род,по поводу,род,темпоратив
в течение,род,по ходу,род,темпоратив
в тон с,твор,наряду с,твор,комитатив
в тылу,род,позади,род,локатив
в угодность,дат,в пользу,род,дестинатив
в угодность,дат,в интересах,род,дестинатив
в угоду,дат,в пользу,род,дестинатив
в угоду,дат,в интересах,род,дестинатив
в угоду,дат,в пользу,род,дестинатив
в удалении от,род,вдалеке от,род,локатив
в унисон с,твор,согласно с,твор,квалификатив
в уровень с,твор,в соответствии с,твор,квалификатив
в условиях,род,среди,род,ситуатив
в условиях,род,на фоне,род,ситуатив
в условиях,род,в среде,род,ситуатив
в условиях,род,на волне,род,ситуатив
в условиях,род,при,предл,ситуатив
в условиях,род,в ситуации,род,ситуатив
в условиях,род,на волне,род,ситуатив
в условиях,род,среди,род,ситуатив
в ущерб,дат,за счет,род,дестинатив
в форме,род,в виде,род,квалификатив
в ходе,род,во время,род,ситуатив
в ходе,род,по ходу,род,ситуатив
в ходе,род,в течение,род,ситуатив
в ходе,род,в процессе,род,ситуатив
в ходе,род,в рамках,род,ситуатив
в ходе,род,при проведении,род,ситуатив
в ходе,род,в процессе,род,ситуатив
в ходе,род,в рамках,род,ситуатив
в ходе,род,в течение,род,ситуатив
в ходе,род,по ходу,род,ситуатив
в целях,род,для,род,дестинатив
в целях,род,с целью,род,дестинатив
в целях,род,для-ради,род,дестинатив
в целях,род,ради,род,дестинатив
в целях,род,с целью,род,дестинатив
в части,род,в отношении,род,дестинатив
в части,род,по части,род,тематив
в части,род,в отношении,род,дестинатив
в части,род,по части,род,тематив
в честь,род,из уважения к,дат,дестинатив
в честь,род,в память,род,дестинатив
в честь,род,в память,род,дестинатив
в честь,род,в память,дат,дестинатив
в честь,род,в память о,предл,дестинатив
в числе,род,среди,род,комитатив
в числе,род,в ряду,род,комитатив
в числе,род,в одном из,род,комитатив
в числе,род,в ряду,род,комитатив
в числе,род,в ряду с,твор,комитатив
в числе,род,среди,род,комитатив
в шаге от,род,рядом с,твор,локатив
в шаге от,род,невдалеке от,род,локатив
в шаге от,род,вблизи от,род,локатив
в шаге от,род,возле,род,локатив
в шаге от,род,вблизи,род,локатив
вблизи,род,близко к,дат,локатив
вблизи,род,около,род,локатив
вблизи,род,возле,род,локатив
вблизи,род,рядом с,твор,локатив
вблизи,род,невдалеке от,род,локатив
вблизи,род,неподалеку от,род,локатив
вблизи,род,недалеко от,род,локатив
вблизи,род,близ,род,локатив
вблизи,род,подле,род,локатив
вблизи,род,вблизи от,род,локатив
вблизи,род,в шаге от,род,локатив
вблизи,род,вблизи от,род,локатив
вблизи,род,невдалеке от,род,локатив
вблизи,род,около,род,локатив
вблизи,род,поблизости,род,локатив
вблизи,род,рядом с,твор,локатив
вблизи от,род,близко к,дат,локатив
вблизи от,род,около,род,локатив
вблизи от,род,возле,род,локатив
вблизи от,род,рядом с,твор,локатив
вблизи от,род,невдалеке от,род,локатив
вблизи от,род,неподалеку от,род,локатив
вблизи от,род,недалеко от,род,локатив
вблизи от,род,близ,род,локатив
вблизи от,род,подле,род,локатив
вблизи от,род,вблизи,род,локатив
вблизи от,род,близко от,род,локатив
вблизи от,род,в шаге от,род,локатив
вблизи от,род,вблизи,род,локатив
вблизи от,род,возле,род,локатив
вблизи от,род,вокруг,род,локатив
вблизи от,род,недалеко от,род,локатив
вблизи от,род,неподалёку от,род,локатив
вблизи от,род,около,род,локатив
вблизи от,род,поблизости от,род,локатив
вблизи от,род,рядом с,твор,локатив
ввиду,род,вследствие,род,каузатив
ввиду,род,из-за,род,каузатив
ввиду,род,в результате,род,каузатив
ввиду,род,вследствие,род,каузатив
ввиду,род,за неимением,род,каузатив
ввиду,род,за счет,род,каузатив
ввиду,род,на основании,род,каузатив
ввиду,род,согласно,дат,каузатив
ввиду,род,согласно с,твор,каузатив
ввиду,род,по причине,род,каузатив
вдалеке от,род,вдали от,род,локатив
вдалеке от,род,в отдалении от,род,локатив
вдалеке от,род,в удалении от,род,локатив
вдалеке от,род,в отдалении от,род,локатив
вдалеке от,род,вдали от,род,локатив
вдали от,род,вдалеке от,род,локатив
вдали от,род,в отдалении от,род,локатив
вдали от,род,вдалеке от,род,локатив
вдали от,род,поодаль от,род,локатив
вдоль,род,по,дат,локатив
вдоль,род,по длине,дат,локатив
вдоль,род,по-над,предл,локатив
вдоль,род,по-под,предл,локатив
вдоль,род,вдоль по,дат,локатив
вдоль,род,повдоль,род,локатив
вдоль по,дат,вдоль,род,локатив
вдоль пути,род,по пути,род,потенсив
взамен,род,вместо,род,квалификатив
взамен,род,заместо,род,квалификатив
взамен,род,в обмен,вин,квалификатив
взамен,род,на смену,дат,квалификатив
взамен,род,на место,род,квалификатив
взамен,род,наместо,род,квалификатив
взамен,дат,заместо,род,квалификатив
взамен,дат,в обмен,вин,квалификатив
взамен,дат,на смену,дат,квалификатив
взамен,дат,на место,род,квалификатив
взамен,дат,наместо,род,квалификатив
взамен,род,в обмен на,вин,квалификатив
взамен,дат,в обмен на,вин,квалификатив
взамен,род,заместо,род,квалификатив
взамен,род,на смену,дат,квалификатив
взамен,род,наместо,род,квалификатив
включая,вин,вместе с,твор,комитатив
включая,вин,начиная,род,комитатив
вкруг,род,вокруг,род,локатив
вкруг,род,возле,род,локатив
вкруг,род,кругом,род,локатив
вкруг,род,около,род,локатив
вкруг,род,окрест,род,локатив
вкруг,род,около,род,локатив
вкруг,род,окрест,род,локатив
вкруг,род,округ,род,локатив
вкупе с,твор,вместе с,твор,комитатив
вкупе с,твор,совместно с,твор,комитатив
вместе с,твор,совместно с,твор,комитатив
вместе с,твор,нераздельно с,твор,комитатив
вместе с,твор,неразлучно с,твор,комитатив
вместе с,твор,вкупе с,твор,комитатив
вместе с,твор,совокупно с,твор,комитатив
вместе с,твор,в сопровождении,род,комитатив
вместе с,твор,заодно с,твор,комитатив
вместе с,твор,за компанию с,твор,комитатив
вместе с,твор,в компании с,твор,комитатив
вместе с,твор,в одно время с,твор,комитатив
вместе с,твор,в содружестве с,твор,комитатив
вместе с,твор,в сообществе,род,комитатив
вместе с,твор,в сообществе с,твор,комитатив
вместе с,твор,в сопровождении,род,комитатив
вместе с,твор,в сочетании с,твор,комитатив
вместе с,твор,в супряге с,твор,комитатив
вместе с,твор,включая,вин,комитатив
вместе с,твор,наравне с,твор,комитатив
вместе с,твор,наряду с,твор,комитатив
вместе с,твор,одновременно с,твор,комитатив
вместе с,твор,рядом с,твор,комитатив
вместе с,твор,совместно с,твор,комитатив
вместе с,твор,при всём,предл,комитатив
вместо,род,в обмен,род,квалификатив
вместо,род,в замен,род,квалификатив
вместо,род,заместо,род,квалификатив
вместо,род,на смену,дат,квалификатив
вместо,род,на место,род,квалификатив
вместо,род,в возмещение,род,квалификатив
вместо,род,в замену,род,квалификатив
вместо,род,в замену,дат,квалификатив
вместо,род,в обмен на,вин,квалификатив
вместо,род,взамен,род,квалификатив
вместо,род,заместо,род,квалификатив
вместо,род,на смену,дат,квалификатив
вместо,род,наместо,род,квалификатив
вне,род,без,род,квалификатив
вне,род,за исключением,род,квалификатив
вне,род,за исключением,род,квалификатив
вне влияния,род,независимо от,род,квалификатив
вне границ,род,без,род,квалификатив
вне границ,род,за исключением,род,квалификатив
вне зависимости от,род,невзирая на,вин,комитатив
вне зависимости от,род,независимо от,род,квалификатив
вне зависимости от,род,несмотря на,вин,комитатив
вне пределов,род,без,род,квалификатив
вне пределов,род,за исключением,род,квалификатив
вне рамок,род,без,род,квалификатив
вне рамок,род,за исключением,род,квалификатив
вне сферы,род,без,род,квалификатив
вне сферы,род,за исключением,род,квалификатив
внутрь,род,в середину,род,директив
внутрь,род,вовнутрь,род,директив
внутрь,род,в глубь,род,директив
внутрь,род,вовнутрь,род,директив
во время,род,в течение,род,темпоратив
во время,род,в процессе,род,темпоратив
во время,род,в течение,род,темпоратив
во время,род,в ходе,род,темпоратив
во время,род,среди,род,темпоратив
во главе,род,под руководством,род,локатив
во главе,род,в авангарде,род,локатив
во главе,род,впереди,род,локатив
во главе,род,у кормила,род,локатив
во главе,род,у руля,род,локатив
во главе с,твор,под руководством,род,комитатив
во избежание,род,для-ради,род,потенсив
во имя,род,ради,род,дестинатив
вовнутрь,род,внутрь,род,директив
вовнутрь,род,в середину,род,директив
вовнутрь,род,внутрь,род,директив
возле,род,близ,род,локатив
возле,род,близко от,род,локатив
возле,род,вблизи от,род,локатив
возле,род,вокруг,род,локатив
возле,род,вплотную к,дат,локатив
возле,род,недалеко от,род,локатив
возле,род,наподалеку,род,локатив
возле,род,около,род,локатив
возле,род,подле,род,локатив
возле,род,при,предл,локатив
возле,род,рядом с,твор,локатив
возле,род,у,род,локатив
возле,род,близ,род,локатив
возле,род,близко от,род,локатив
возле,род,в нескольких шагах от,род,локатив
возле,род,в шаге от,род,локатив
возле,род,вблизи,род,локатив
возле,род,вблизи от,род,локатив
возле,род,вкруг,род,локатив
возле,род,вокруг,род,локатив
возле,род,вплотную к,дат,локатив
возле,род,вплоть к,дат,локатив
возле,род,вплоть у,род,локатив
возле,род,наряду с,твор,локатив
возле,род,невдалеке от,род,локатив
возле,род,недалеко от,род,локатив
возле,род,неподалёку от,род,локатив
возле,род,обок,род,локатив
возле,род,обочь,род,локатив
возле,род,около,род,локатив
возле,род,округ,род,локатив
возле,род,поблизости,род,локатив
возле,род,подле,род,локатив
возле,род,у ног,род,локатив
вокруг,род,близ,род,локатив
вокруг,род,вблизи от,род,локатив
вокруг,род,возле,род,локатив
вокруг,род,невдалеке от,род,локатив
вокруг,род,окрест,род,локатив
вокруг,род,близ,род,локатив
вокруг,род,вкруг,род,локатив
вокруг,род,возле,род,локатив
вокруг,род,окрест,род,локатив
вопреки,дат,вразрез,дат,директив
вопреки,дат,мимо,род,директив
вопреки,дат,назло,дат,директив
вопреки,дат,наперекор,дат,директив
вопреки,дат,напротив,род,директив
вопреки,дат,насупротив,род,директив
вопреки,дат,не смотря на,вин,директив
вопреки,дат,не взирая на,вин,директив
вопреки,дат,не считаясь с,твор,директив
вопреки,дат,несмотря на,вин,директив
вопреки,дат,поперек,род,директив
вопреки,дат,против,род,директив
вопреки,дат,в нарушение,род,директив
вопреки,дат,вразрез,дат,директив
вопреки,дат,наперекор,дат,директив
вопреки,дат,напротив,род,директив
вопреки,дат,насупротив,род,директив
вопреки,дат,невзирая на,вин,директив
вопреки,дат,несмотря на,вин,директив
вопреки,дат,поперёк,род,директив
вопреки,дат,против,род,директив
вопреки,дат,противно,дат,директив
вопреки,дат,противу,род,директив
вопреки,дат,супротив,род,директив
восупор,дат,наперекор,дат,директив
восупор,дат,напротив,род,локатив
впереди,род,во главе,род,локатив
вперекор,дат,наперекор,дат,директив
вперекор,дат,несмотря на,вин,комитатив
вплотную к,дат,возле,род,локатив
вплотную к,дат,возле,род,локатив
вплоть до,род,до,род,квантитатив
вплоть до,род,кончая,твор,квантитатив
вплоть к,дат,возле,род,локатив
вплоть у,род,возле,род,локатив
вразрез,дат,вопреки,дат,директив
вразрез,дат,вопреки,дат,директив
вразрез,дат,наперекор,дат,директив
вразрез,дат,напротив,род,локатив
вровень с,твор,рядом с,твор,локатив
вроде,род,в виде,род,квалификатив
вроде,род,на манер,род,квалификатив
вроде,род,навроде,род,квалификатив
вроде,род,наподобие,род,квалификатив
вроде,род,словно,им,квалификатив
вроде,род,типа,род,квалификатив
вроде,род,в виде,род,квалификатив
вроде,род,на манер,род,квалификатив
вроде,род,навроде,род,квалификатив
вроде,род,наподобие,род,квалификатив
вроде,род,по примеру,род,квалификатив
вроде,род,типа,род,квалификатив
вследствие,род,благодаря,дат,каузатив
вследствие,род,ввиду,род,каузатив
вследствие,род,из-за,род,каузатив
вследствие,род,на почве,род,каузатив
вследствие,род,по праву,род,каузатив
вследствие,род,по причине,род,каузатив
вследствие,род,при,предл,каузатив
вследствие,род,через,вин,каузатив
вследствие,род,благодаря,дат,каузатив
вследствие,род,в зависимости от,род,каузатив
вследствие,род,в результате,род,каузатив
вследствие,род,ввиду,род,каузатив
вследствие,род,за счет,род,каузатив
вследствие,род,на основании,род,каузатив
вследствие,род,на почве,род,каузатив
вследствие,род,под предлогом,род,каузатив
вследствие,род,при посредстве,род,каузатив
вследствие,род,ради,род,каузатив
вследствие,род,согласно,дат,каузатив
вследствие,род,согласно с,твор,каузатив
вследствие,род,по причине,род,каузатив
всочь,дат,напротив,род,локатив
всупор,дат,наперекор,дат,директив
всуточь,дат,насупротив,род,локатив
всутычку,дат,насупротив,род,локатив
всутычь,дат,насупротив,род,локатив
выключая,вин,за исключением,род,квалификатив
выключая,вин,за исключением,род,квалификатив
выключая,вин,исключая,вин,квалификатив
выключая,род,не считая,вин,комитатив
дли,род,близ,род,локатив
для,род,в интересах,род,дестинатив
для,род,в пользу,род,дестинатив
для,род,в целях,род,дестинатив
для,род,на предмет,род,тематив
для,род,с целью,род,дестинатив
для-ради,род,в интересах,род,дестинатив
для-ради,род,в целях,род,дестинатив
для-ради,род,во избежание,род,потенсив
для-ради,род,на предмет,род,тематив
для-ради,род,про,вин,дестинатив
для-ради,род,с целью,род,дестинатив
до,род,вплоть до,род,квантитатив
единовременно с,твор,наряду с,твор,комитатив
единовременно с,твор,рядом с,твор,локатив
за,вин,в результате,род,каузатив
за,вин,за счет,род,инструментив
за,вин,по причине,род,каузатив
за,вин,по-за,вин,директив
за,твор,по-за,твор,локатив
за,твор,позади,род,локатив
за,род,сзади,род,локатив
за вычетом,род,за исключением,род,квалификатив
за вычетом,род,за исключением,род,квалификатив
за вычетом,род,исключая,вин,квалификатив
за вычетом,род,не считая,вин,комитатив
за день до,род,накануне,род,темпоратив
за исключением,род,без,род,квалификатив
за исключением,род,вне,род,квалификатив
за исключением,род,выключая,вин,квалификатив
за исключением,род,за вычетом,род,квалификатив
за исключением,род,исключая,вин,квалификатив
за исключением,род,кроме,род,квалификатив
за исключением,род,минуя,вин,квалификатив
за исключением,род,не беря в расчет,вин,квалификатив
за исключением,род,не считая,вин,квалификатив
за исключением,род,опричь,род,квалификатив
за исключением,род,помимо,род,квалификатив
за исключением,род,вне,род,квалификатив
за исключением,род,вне границ,род,квалификатив
за исключением,род,вне пределов,род,квалификатив
за исключением,род,вне рамок,род,квалификатив
за исключением,род,вне сферы,род,квалификатив
за исключением,род,выключая,вин,квалификатив
за исключением,род,за вычетом,род,квалификатив
за исключением,род,исключая,вин,квалификатив
за исключением,род,не считая,вин,квалификатив
за исключением,род,опричь,род,квалификатив
за исключением,род,помимо,род,квалификатив
за истечением,род,по прошествии,род,темпоратив
за компанию с,твор,вместе с,твор,комитатив
за неимением,род,по причине,род,каузатив
за неимением,род,в результате,род,каузатив
за неимением,род,ввиду,род,каузатив
за неимением,род,в силу,род,каузатив
за период,род,в течение,род,темпоратив
за прошествием,род,по прошествии,род,темпоратив
за спиной,род,сзади,род,локатив
за счет,род,на счет,род,инструментив
за счет,род,благодаря,дат,инструментив
за счет,род,с помощью,род,инструментив
за счет,род,при помощи,род,инструментив
за счет,род,через посредство,род,инструментив
за счет,род,с использованием,род,инструментив
за счет,род,посредством,род,инструментив
за счет,род,через,вин,инструментив
за счет,род,в связи с,твор,инструментив
за счет,род,по причине,род,инструментив
за счет,род,исходя из,род,инструментив
за счет,род,в силу,род,инструментив
за счет,род,вследствие,род,инструментив
за счет,род,ввиду,род,инструментив
за счет,род,учитывая,вин,инструментив
за счет,род,за,вин,инструментив
за счет,род,из-за,род,инструментив
за счет,род,в счет,род,инструментив
за счет,род,в ущерб,дат,инструментив
заменяя собой,вин,на смену,дат,трансгрессив
заместо,род,вместо,род,квалификатив
заместо,род,взамен,род,квалификатив
заместо,род,взамен,род,квалификатив
заместо,род,взамен,дат,квалификатив
заместо,род,вместо,род,квалификатив
заодно с,твор,вместе с,твор,комитатив
зауряд с,твор,наряду с,твор,комитатив
из,род,в результате,род,каузатив
из,род,исходя из,род,инструментив
из,род,по причине,род,каузатив
из сопоставления с,твор,по сравнению с,твор,квалификатив
из уважения к,дат,в честь,род,дестинатив
из-за,род,благодаря,дат,каузатив
из-за,род,в зависимости от,род,каузатив
из-за,род,в результате,род,каузатив
из-за,род,ввиду,род,каузатив
из-за,род,вследствие,род,каузатив
из-за,род,за счет,род,инструментив
из-за,род,на почве,род,инструментив
из-за,род,под предлогом,род,дестинатив
из-за,род,согласно,дат,квалификатив
из-за,род,согласно с,твор,квалификатив
из-за,род,по причине,род,каузатив
исключая,вин,кроме,род,квалификатив
исключая,вин,за исключением,род,квалификатив
исключая,вин,выключая,вин,квалификатив
исключая,вин,за вычетом,род,квалификатив
исключая,вин,минуя,вин,квалификатив
исключая,вин,не беря в расчет,вин,квалификатив
исключая,вин,не принимая во внимание,вин,квалификатив
исключая,вин,не считая,род,квалификатив
исключая,вин,опричь,род,квалификатив
исключая,вин,помимо,род,квалификатив
исключая,вин,за исключением,род,квалификатив
исключая,род,не считая,вин,комитатив
исходя из,род,опираясь на,вин,инструментив
исходя из,род,основываясь на,предл,инструментив
исходя из,род,ссылаясь на,вин,инструментив
исходя из,род,указывая на,вин,инструментив
исходя из,род,руководствуясь,твор,инструментив
исходя из,род,в зависимости от,род,инструментив
исходя из,род,из,род,инструментив
исходя из,род,в соответствии с,твор,инструментив
исходя из,род,в силу,род,инструментив
исходя из,род,учитывая,вин,инструментив
исходя из,род,в зависимости от,род,инструментив
исходя из,род,в соответствии с,твор,инструментив
исходя из,род,за счет,род,инструментив
исходя из,род,на основании,род,инструментив
исходя из,род,на основе,род,инструментив
исходя из,род,на основе,род,инструментив
исходя из,род,по причине,род,инструментив
к,дат,по направлению к,дат,директив
к истечению,род,по прошествии,род,темпоратив
как,им,а-ля,им,квалификатив
как,им,в виде,род,квалификатив
касательно,род,в отношении,род,тематив
касательно,род,в плане,род,тематив
касательно,род,насчет,род,тематив
касательно,род,относительно,род,тематив
касательно,род,по вопросу,род,тематив
касательно,род,по части,род,тематив
касательно,род,что до,род,тематив
кончая,твор,вплоть до,род,квантитатив
кроме,род,за исключением,род,квалификатив
кроме,род,исключая,вин,квалификатив
кроме,род,не считая,вин,комитатив
кругом,род,в обход,род,директив
кругом,род,в обход,дат,директив
кругом,род,вкруг,род,локатив
кругом,род,окрест,род,локатив
меж,род,промеж,род,локатив
меж,твор,промеж,род,локатив
между,твор,промеж,род,локатив
мимо,род,невдалеке от,род,локатив
мимо,род,вопреки,дат,директив
мимо,род,наперекор,дат,директив
минуя,вин,за исключением,род,квалификатив
минуя,вин,исключая,вин,квалификатив
минуя,вин,не считая,вин,комитатив
на базе,род,на почве,род,инструментив
на волне,род,в условиях,род,ситуатив
на волне,род,в условиях,род,ситуатив
на грани,род,на краю,род,ситуатив
на грани,род,на краю,род,ситуатив
на грани,род,на пределе,род,ситуатив
на краю,род,на грани,род,ситуатив
на краю,род,на грани,род,ситуатив
на лад,род,наподобие,род,квалификатив
на манер,род,а-ля,им,квалификатив
на манер,род,вроде,род,квалификатив
на манер,род,наподобие,род,квалификатив
на манер,род,подобно,дат,квалификатив
на манер,род,подражая,дат,квалификатив
на манер,род,что-то вроде,род,квалификатив
на манер,род,а-ля,им,квалификатив
на манер,род,в виде,род,квалификатив
на манер,род,вроде,род,квалификатив
на манер,род,наподобие,род,квалификатив
на манер,род,подобно,дат,квалификатив
на место,род,взамен,род,квалификатив
на место,род,взамен,дат,квалификатив
на место,род,вместо,род,квалификатив
на основании,род,исходя из,род,инструментив
на основании,род,вследствие,род,каузатив
на основании,род,благодаря,дат,каузатив
на основании,род,ввиду,род,каузатив
на основании,род,в силу,род,каузатив
на основании,род,по причине,род,каузатив
на основании,род,по случаю,род,каузатив
на основании,род,согласно,дат,квалификатив
на основании,род,на почве,род,инструментив
на основании,род,в результате,род,каузатив
на основании,род,в результате,род,каузатив
на основании,род,на почве,род,инструментив
на основании,род,по причине,род,каузатив
на основе,род,исходя из,род,инструментив
на основе,род,в зависимости от,род,каузатив
на основе,род,исходя из,род,инструментив
на позиции,род,на стороне,род,квалификатив
на пороге,род,в преддверии,род,темпоратив
на пороге,род,накануне,род,темпоратив
на пороге,род,в преддверии,род,темпоратив
на пороге,род,накануне,род,темпоратив
на почве,род,из-за,род,инструментив
на почве,род,по причине,род,инструментив
на почве,род,вследствие,род,инструментив
на почве,род,на основании,род,инструментив
на почве,род,на базе,род,инструментив
на почве,род,вследствие,род,инструментив
на почве,род,на основании,род,инструментив
на почве,род,по причине,род,инструментив
на правах,род,в качестве,род,квалификатив
на пределе,род,на грани,род,ситуатив
на предмет,род,для,род,тематив
на предмет,род,с целью,род,тематив
на предмет,род,для-ради,род,тематив
на протяжении,род,в течение,род,темпоратив
на протяжении,род,в продолжение,род,каузатив
на протяжении,род,в течение,род,темпоратив
на пути,род,перед,твор,тематив
на пути,род,по пути,род,тематив
на смену,дат,сменяя собой,вин,трансгрессив
на смену,дат,заменяя собой,вин,трансгрессив
на смену,дат,взамен,род,трансгрессив
на смену,дат,вместо,род,трансгрессив
на смену,дат,взамен,род,трансгрессив
на смену,дат,взамен,дат,трансгрессив
на смену,дат,вместо,род,трансгрессив
на стороне,род,на позиции,род,квалификатив
на счет,род,за счет,род,инструментив
на фоне,род,по сравнению с,твор,квалификатив
на фоне,род,в условиях,род,ситуатив
навроде,род,вроде,род,квалификатив
навроде,род,наподобие,род,квалификатив
навроде,род,вроде,род,квалификатив
навроде,род,наподобие,род,квалификатив
навстречу,дат,насупротив,род,локатив
назади,род,позади,род,локатив
назади,род,сзади,род,локатив
назади,род,позади,род,локатив
назади,род,сзади,род,локатив
назло,дат,наперекор,дат,директив
назло,дат,вопреки,дат,директив
назло,дат,наперекор,дат,директив
назло,дат,напротив,род,локатив
назло,дат,невзирая на,вин,комитатив
назло,дат,несмотря на,вин,комитатив
накануне,род,перед,твор,темпоратив
накануне,род,в канун,род,темпоратив
накануне,род,в преддверии,род,темпоратив
накануне,род,на пороге,род,темпоратив
накануне,род,прежде,род,темпоратив
накануне,род,за день до,род,темпоратив
накануне,род,в преддверии,род,темпоратив
накануне,род,на пороге,род,темпоратив
накануне,род,незадолго до,род,темпоратив
накануне,род,перед началом,род,темпоратив
накануне,род,прежде,род,темпоратив
накануне,род,преж,род,темпоратив
наместо,род,вместо,род,квалификатив
наместо,род,взамен,род,квалификатив
наместо,род,взамен,род,квалификатив
наместо,род,взамен,дат,квалификатив
наперекор,дат,вопреки,дат,директив
наперекор,дат,напротив,род,директив
наперекор,дат,назло,дат,директив
наперекор,дат,поперек,род,директив
наперекор,дат,вперекор,дат,директив
наперекор,дат,несмотря на,вин,директив
наперекор,дат,восупор,дат,директив
наперекор,дат,мимо,род,директив
наперекор,дат,всупор,дат,директив
наперекор,дат,напоперек,дат,директив
наперекор,дат,насупор,дат,директив
наперекор,дат,насупротив,род,директив
наперекор,дат,против,род,директив
наперекор,дат,противно,дат,директив
наперекор,дат,супротивно,дат,директив
наперекор,дат,вразрез,дат,директив
наперекор,дат,супротив,дат,директив
наперекор,дат,невзирая на,вин,директив
наперекор,дат,вопреки,дат,директив
наперекор,дат,назло,дат,директив
наперекор,дат,напротив,род,директив
наперекор,дат,невзирая на,вин,директив
наперекор,дат,несмотря на,вин,директив
наперекор,дат,поперёк,род,директив
наперекор,дат,против,род,директив
наперекор,дат,противно,дат,директив
наперекор,дат,противу,род,директив
наподалеку,род,возле,род,локатив
наподобие,род,в виде,род,квалификатив
наподобие,род,в стиле,род,квалификатив
наподобие,род,в образе,род,квалификатив
наподобие,род,по образцу,род,квалификатив
наподобие,род,по типу,род,квалификатив
наподобие,род,вроде,род,квалификатив
наподобие,род,на манер,род,квалификатив
наподобие,род,на лад,род,квалификатив
наподобие,род,подобно,дат,квалификатив
наподобие,род,навроде,род,квалификатив
наподобие,род,типа,род,квалификатив
наподобие,род,сродни,дат,квалификатив
наподобие,род,по подобию,род,квалификатив
наподобие,род,по примеру,род,квалификатив
наподобие,род,в виде,род,квалификатив
наподобие,род,вроде,род,квалификатив
наподобие,род,на манер,род,квалификатив
наподобие,род,навроде,род,квалификатив
наподобие,род,подобно,дат,квалификатив
напоперек,дат,наперекор,дат,директив
напротив,род,перед,твор,локатив
напротив,род,против,род,локатив
напротив,род,насупротив,дат,локатив
напротив,род,наперекор,дат,локатив
напротив,род,в противность,дат,локатив
напротив,род,в противоположность,дат,локатив
напротив,род,в контраст,дат,локатив
напротив,род,в контраст с,твор,локатив
напротив,род,в контрасте с,твор,локатив
напротив,род,в противовес,дат,локатив
напротив,род,вопреки,дат,локатив
напротив,род,вразрез,дат,локатив
напротив,род,назло,дат,локатив
напротив,род,в пику,дат,локатив
напротив,род,поперек,дат,локатив
напротив,род,восупор,дат,локатив
напротив,род,всочь,дат,локатив
напротив,род,насупротивно,дат,локатив
напротив,род,вопреки,дат,локатив
напротив,род,наперекор,дат,локатив
напротив,род,насупротив,род,локатив
напротив,род,поперёк,род,локатив
напротив,род,против,род,локатив
напротив,род,противу,род,локатив
напротив,род,супротив,род,локатив
наравне с,твор,наряду с,твор,комитатив
наравне с,твор,вместе с,твор,комитатив
наравне с,твор,подле,род,локатив
наравне с,твор,совместно с,твор,комитатив
наравне с,твор,рядом с,твор,локатив
наравне с,твор,наряду с,твор,комитатив
наравне с,твор,подле,род,локатив
наравне с,твор,рядом с,твор,локатив
наравне с,твор,совместно с,твор,комитатив
наряду с,твор,наравне с,твор,комитатив
наряду с,твор,вместе с,твор,комитатив
наряду с,твор,одновременно с,твор,комитатив
наряду с,твор,подле,род,комитатив
наряду с,твор,совместно с,твор,комитатив
наряду с,твор,рядом с,твор,комитатив
наряду с,твор,возле,род,комитатив
наряду с,твор,в тон с,твор,комитатив
наряду с,твор,зауряд с,твор,комитатив
наряду с,твор,единовременно с,твор,комитатив
наряду с,твор,синхронно с,твор,комитатив
наряду с,твор,наравне с,твор,комитатив
наряду с,твор,подле,род,комитатив
наряду с,твор,рядом с,твор,комитатив
наряду с,твор,совместно с,твор,комитатив
насупор,дат,наперекор,дат,директив
насупротив,род,напротив,род,локатив
насупротив,род,против,род,локатив
насупротив,род,навстречу,дат,локатив
насупротив,род,вопреки,дат,локатив
насупротив,род,всуточь,дат,локатив
насупротив,род,всутычку,дат,локатив
насупротив,род,всутычь,дат,локатив
насупротив,род,вопреки,дат,локатив
насупротив,род,наперекор,дат,локатив
насупротив,дат,напротив,род,локатив
насупротив,род,против,род,локатив
насупротив,род,противу,род,локатив
насупротивно,дат,напротив,род,локатив
насчет,род,относительно,род,тематив
насчет,род,о,предл,тематив
насчет,род,по поводу,род,тематив
насчет,род,про,вин,тематив
насчет,род,касательно,род,тематив
насчет,род,в отношении,род,тематив
насчет,род,в связи с,твор,тематив
насчет,род,в рассуждении о,предл,тематив
насчет,род,по части,род,тематив
насчет,род,об,предл,тематив
насчет,род,относительно,род,тематив
насчет,род,по поводу,род,тематив
насчет,род,по части,род,тематив
насчёт,род,в отношении,род,дестинатив
начиная,род,включая,вин,комитатив
не без,род,с,твор,комитатив
не беря в расчет,вин,за исключением,род,квалификатив
не беря в расчет,вин,исключая,вин,квалификатив
не беря в расчет,вин,не считая,вин,комитатив
не в пример,дат,в отличие от,род,квалификатив
не в пример,дат,в отличие от,род,квалификатив
не взирая на,вин,вопреки,дат,директив
не обращая внимания на,вин,невзирая на,вин,комитатив
не принимая во внимание,вин,исключая,вин,квалификатив
не принимая во внимание,вин,не считая,вин,комитатив
не принимая во внимание,вин,невзирая на,вин,комитатив
не принимая во внимание,вин,независимо от,род,квалификатив
не смотря на,вин,вопреки,дат,директив
не считая,вин,кроме,род,комитатив
не считая,вин,за исключением,род,комитатив
не считая,вин,за вычетом,род,комитатив
не считая,вин,минуя,вин,комитатив
не считая,вин,не беря в расчет,вин,комитатив
не считая,вин,не принимая во внимание,вин,комитатив
не считая,вин,помимо,род,комитатив
не считая,вин,исключая,род,комитатив
не считая,вин,выключая,род,комитатив
не считая,вин,за исключением,род,комитатив
не считая,род,исключая,вин,квалификатив
не считаясь с,твор,вопреки,дат,директив
невдалеке от,род,вблизи,род,локатив
невдалеке от,род,близко от,род,локатив
невдалеке от,род,бок о бок с,твор,локатив
невдалеке от,род,под боком у,род,локатив
невдалеке от,род,в близости к,дат,локатив
невдалеке от,род,в близости от,род,локатив
невдалеке от,род,по соседству с,твор,локатив
невдалеке от,род,невдали от,род,локатив
невдалеке от,род,под носом у,род,локатив
невдалеке от,род,недалеко от,род,локатив
невдалеке от,род,неподалеку от,род,локатив
невдалеке от,род,возле,род,локатив
невдалеке от,род,близ,род,локатив
невдалеке от,род,близко от,род,локатив
невдалеке от,род,в нескольких шагах от,род,локатив
невдалеке от,род,в шаге от,род,локатив
невдалеке от,род,вблизи,род,локатив
невдалеке от,род,вблизи от,род,локатив
невдалеке от,род,вокруг,род,локатив
невдалеке от,род,мимо,род,локатив
невдалеке от,род,обок,род,локатив
невдалеке от,род,около,род,локатив
невдалеке от,род,поблизости от,род,локатив
невдалеке от,род,под носом у,род,локатив
невдалеке от,род,рядом с,твор,локатив
невдали от,род,невдалеке от,род,локатив
невдали от,род,рядом с,твор,локатив
невзирая на,вин,вопреки,дат,комитатив
невзирая на,вин,несмотря на,вин,комитатив
невзирая на,вин,наперекор,дат,комитатив
невзирая на,вин,назло,дат,комитатив
невзирая на,вин,вне зависимости от,род,комитатив
невзирая на,вин,независимо от,род,комитатив
невзирая на,вин,не обращая внимания на,вин,комитатив
невзирая на,вин,не принимая во внимание,вин,комитатив
невзирая на,вин,наперекор,дат,комитатив
невзирая на,вин,независимо от,род,комитатив
невзирая на,вин,несмотря на,вин,комитатив
невзирая на,вин,против,род,комитатив
невзирая на,вин,противно,дат,комитатив
недалеко от,род,близко к,дат,локатив
недалеко от,род,бок о бок с,твор,локатив
недалеко от,род,под боком у,род,локатив
недалеко от,род,в близости к,дат,локатив
недалеко от,род,в близости от,род,локатив
недалеко от,род,близко от,род,локатив
недалеко от,род,около,род,локатив
недалеко от,род,вблизи от,род,локатив
недалеко от,род,возле,род,локатив
недалеко от,род,поблизости от,род,локатив
недалеко от,род,неподалеку от,род,локатив
недалеко от,род,рядом с,твор,локатив
недалеко от,род,близко от,род,локатив
недалеко от,род,в нескольких шагах от,род,локатив
недалеко от,род,вблизи,род,локатив
недалеко от,род,вблизи от,род,локатив
недалеко от,род,возле,род,локатив
недалеко от,род,невдалеке от,род,локатив
недалеко от,род,обок,род,локатив
недалеко от,род,около,род,локатив
недалеко от,род,поблизости от,род,локатив
недалеко от,род,под носом у,род,локатив
недалеко от,род,подле,род,локатив
недалеко от,род,поодаль от,род,локатив
недалече от,род,поблизости от,род,локатив
недалече от,род,подле,род,локатив
независимо,род,несмотря на,вин,комитатив
независимо от,род,несмотря на,вин,квалификатив
независимо от,род,не принимая во внимание,вин,квалификатив
независимо от,род,невзирая на,вин,квалификатив
независимо от,род,несмотря на,вин,квалификатив
независимо от,род,вне зависимости от,род,квалификатив
независимо от,род,вне влияния,род,квалификатив
независимо от,род,невзирая на,вин,квалификатив
независимо от,род,несмотря на,вин,квалификатив
незадолго до,род,накануне,род,темпоратив
неподалеку от,род,вблизи,род,локатив
неподалеку от,род,вблизи от,род,локатив
неподалеку от,род,невдалеке от,род,локатив
неподалеку от,род,недалеко от,род,локатив
неподалеку от,род,поблизости от,род,локатив
неподалеку от,род,подле,род,локатив
неподалеку от,род,рядом с,твор,локатив
неподалёку от,род,близ,род,локатив
неподалёку от,род,рядом с,твор,локатив
неподалёку от,род,поблизости от,род,локатив
неподалёку от,род,вблизи от,род,локатив
неподалёку от,род,возле,род,локатив
неподалёку от,род,рядом с,твор,локатив
неподалёку от,род,подле,род,локатив
нераздельно с,твор,вместе с,твор,комитатив
неразлучно с,твор,вместе с,твор,комитатив
несмотря на,вин,вопреки,дат,комитатив
несмотря на,вин,невзирая на,вин,комитатив
несмотря на,вин,против,род,комитатив
несмотря на,вин,поперек,дат,комитатив
несмотря на,вин,вперекор,дат,комитатив
несмотря на,вин,наперекор,дат,комитатив
несмотря на,вин,вне зависимости от,род,комитатив
несмотря на,вин,независимо от,род,комитатив
несмотря на,вин,назло,дат,комитатив
несмотря на,вин,без оглядки на,вин,комитатив
несмотря на,вин,вопреки,дат,комитатив
несмотря на,вин,наперекор,дат,комитатив
несмотря на,вин,невзирая на,вин,комитатив
несмотря на,вин,независимо,род,комитатив
несмотря на,вин,независимо от,род,комитатив
несмотря на,вин,независимо от,род,комитатив
несмотря на,вин,поперёк,род,комитатив
несмотря на,вин,против,род,комитатив
несмотря на,вин,противно,дат,комитатив
нечто вроде,род,в виде,род,квалификатив
о,предл,в отношении,род,дестинатив
о,предл,насчет,род,тематив
о бок с,твор,подле,род,локатив
об,предл,насчет,род,тематив
обок,род,рядом с,твор,локатив
обок,род,близ,род,локатив
обок,род,возле,род,локатив
обок,род,подле,род,локатив
обок,род,поблизости от,род,локатив
обок,род,недалеко от,род,локатив
обок,род,рядом с,твор,локатив
обок,род,невдалеке от,род,локатив
обочь,род,рядом с,твор,локатив
обочь,род,возле,род,локатив
одинаково с,твор,рядом с,твор,локатив
одновременно с,твор,совместно с,твор,комитатив
одновременно с,твор,вместе с,твор,комитатив
одновременно с,твор,наряду с,твор,комитатив
одновременно с,твор,рядом с,твор,локатив
около,род,возле,род,локатив
около,род,вблизи,род,локатив
около,род,недалеко от,род,локатив
около,род,вблизи от,род,локатив
около,род,невдалеке от,род,локатив
около,род,подле,род,локатив
около,род,близ,род,локатив
около,род,рядом с,твор,локатив
около,род,окрест,род,локатив
около,род,вкруг,род,локатив
около,род,близ,род,локатив
около,род,вблизи,род,локатив
около,род,вблизи от,род,локатив
около,род,вкруг,род,локатив
около,род,возле,род,локатив
около,род,недалеко от,род,локатив
около,род,окрест,род,локатив
около,род,подле,род,локатив
окрест,род,вокруг,род,локатив
окрест,род,по соседству с,твор,локатив
окрест,род,вкруг,род,локатив
окрест,род,округ,род,локатив
окрест,род,кругом,род,локатив
окрест,род,около,род,локатив
окрест,род,вкруг,род,локатив
окрест,род,вокруг,род,локатив
окрест,род,около,род,локатив
окрест,род,округ,род,локатив
округ,род,вкруг,род,локатив
округ,род,окрест,род,локатив
округ,род,близ,род,локатив
округ,род,возле,род,локатив
округ,род,окрест,род,локатив
опираясь на,вин,в соответствии с,твор,квалификатив
опираясь на,вин,исходя из,род,инструментив
опричь,род,за исключением,род,квалификатив
опричь,род,за исключением,род,квалификатив
опричь,род,исключая,вин,квалификатив
основываясь на,предл,исходя из,род,инструментив
от,род,в результате,род,каузатив
от,род,по причине,род,каузатив
от имени,род,от лица,род,сурсив
от имени,род,по поручению,род,сурсив
от имени,род,в пользу,род,сурсив
от имени,род,от лица,род,сурсив
от имени,род,по поручению,род,сурсив
от лица,род,от имени,род,сурсив
от лица,род,по поручению,род,сурсив
от лица,род,в пользу,род,сурсив
от лица,род,по имени,род,сурсив
от лица,род,от имени,род,сурсив
от лица,род,по поручению,род,сурсив
от прошествия,род,по прошествии,род,темпоратив
от сопоставления с,твор,по сравнению с,твор,квалификатив
отдельно от,род,в стороне от,род,локатив
отдельно от,род,в стороне от,род,локатив
относительно,род,в отношении,род,дестинатив
относительно,род,касательно,род,тематив
относительно,род,насчет,род,тематив
относительно,род,по части,род,тематив
относительно,род,про,вин,дестинатив
относительно,род,в отношении,род,дестинатив
относительно,род,насчет,род,тематив
отставая от,род,позади,род,локатив
параллельно с,твор,совместно с,твор,комитатив
перед,твор,в преддверии,род,темпоратив
перед,твор,на пути,род,тематив
перед,твор,накануне,род,темпоратив
перед,твор,напротив,род,локатив
перед,твор,перед лицом,род,ситуатив
перед лицом,род,перед,твор,ситуатив
перед началом,род,накануне,род,темпоратив
плечо к плечу c,твор,подле,род,локатив
плечом к плечу от,род,подле,род,локатив
по,дат,в зависимости от,род,каузатив
по,дат,в области,род,тематив
по,дат,в результате,род,каузатив
по,дат,вдоль,род,локатив
по,дат,по причине,род,каузатив
по,дат,согласно,дат,квалификатив
по,дат,согласно с,твор,квалификатив
по,дат,сообразно,дат,квалификатив
по,дат,сообразно с,твор,квалификатив
по,дат,соответственно,дат,квалификатив
по,дат,соответственно с,твор,квалификатив
по вопросам,род,в отношении,род,дестинатив
по вопросам,род,в области,род,тематив
по вопросу,род,касательно,род,тематив
по давности,род,по прошествии,род,темпоратив
по длине,дат,вдоль,род,локатив
по дороге,род,по пути,род,потенсив
по другую сторону от,род,позади,род,локатив
по имени,род,от лица,род,сурсив
по истечении,род,по прошествии,род,темпоратив
по истечении,род,по прошествии,род,темпоратив
по линии,род,по черте,род,тематив
по мере,род,в меру,род,темпоратив
по мере,род,сообразно,дат,темпоратив
по мере,род,соответственно,дат,темпоратив
по мере,род,в меру,род,темпоратив
по милости,род,благодаря,дат,каузатив
по милости,род,благодаря,дат,каузатив
по направлению к,дат,к,дат,директив
по направлению к,дат,в направлении к,дат,директив
по образу,род,подобно,дат,квалификатив
по образцу,род,наподобие,род,квалификатив
по отношению,род,в отношении,род,дестинатив
по отношению к,дат,в отношении,род,дестинатив
по отношению к,дат,в адрес,род,дестинатив
по поводу,род,в отношении,род,дестинатив
по поводу,род,насчет,род,тематив
по поводу,род,в течение,род,темпоратив
по поводу,род,насчет,род,тематив
по подобию,род,наподобие,род,квалификатив
по подобию,род,подобно,дат,квалификатив
по поручению,род,от имени,род,сурсив
по поручению,род,от лица,род,сурсив
по поручению,род,в пользу,род,дестинатив
по поручению,род,от имени,род,сурсив
по поручению,род,от лица,род,сурсив
по праву,род,вследствие,род,каузатив
по примеру,род,вроде,род,квалификатив
по примеру,род,наподобие,род,квалификатив
по причине,род,вследствие,род,каузатив
по причине,род,по причине,род,каузатив
по причине,род,исходя из,род,каузатив
по причине,род,на основании,род,каузатив
по причине,род,из-за,род,каузатив
по причине,род,ввиду,род,каузатив
по причине,род,из,род,каузатив
по причине,род,от,род,каузатив
по причине,род,по,дат,каузатив
по причине,род,с,род,каузатив
по причине,род,за,вин,каузатив
по причине,род,благодаря,дат,каузатив
по причине,род,в результате,род,каузатив
по причине,род,в силу,род,каузатив
по причине,род,на почве,род,каузатив
по причине,род,ради,род,каузатив
по причине,род,под предлогом,род,каузатив
по причине,род,благодаря,дат,каузатив
по причине,род,в результате,род,каузатив
по причине,род,вследствие,род,каузатив
по причине,род,за неимением,род,каузатив
по причине,род,за счет,род,каузатив
по причине,род,на основании,род,каузатив
по причине,род,на почве,род,каузатив
по причине,род,под предлогом,род,каузатив
по причине,род,ради,род,каузатив
по причине,род,по причине,род,каузатив
по прошествии,род,с прошествием,род,темпоратив
по прошествии,род,за прошествием,род,темпоратив
по прошествии,род,после прошествия,род,темпоратив
по прошествии,род,в прошествии,род,темпоратив
по прошествии,род,от прошествия,род,темпоратив
по прошествии,род,по давности,род,темпоратив
по прошествии,род,благодаря давности,род,темпоратив
по прошествии,род,по истечении,род,темпоратив
по прошествии,род,с истечением,род,темпоратив
по прошествии,род,за истечением,род,темпоратив
по прошествии,род,после истечения,род,темпоратив
по прошествии,род,к истечению,род,темпоратив
по прошествии,род,под истечением,род,темпоратив
по прошествии,род,по истечении,род,темпоратив
по прошествии,род,позднее,род,темпоратив
по прошествии,род,после,род,темпоратив
по прошествии,род,спустя,вин,темпоратив
по пути,род,на пути,род,потенсив
по пути,род,в пути,род,потенсив
по пути,род,вдоль пути,род,потенсив
по пути,род,в стезю,род,потенсив
по пути,род,по стезе,род,потенсив
по пути,род,в стезях,род,потенсив
по пути,род,по стезям,род,потенсив
по пути,род,по дороге,род,потенсив
по сличению с,твор,по сравнению с,твор,квалификатив
по случаю,род,на основании,род,каузатив
по сопоставлению с,твор,по сравнению с,твор,квалификатив
по соседству с,твор,близ,род,локатив
по соседству с,твор,невдалеке от,род,локатив
по соседству с,твор,окрест,род,локатив
по соседству с,твор,рядом с,твор,локатив
по сравнению с,твор,в сравнени с,твор,квалификатив
по сравнению с,твор,при сравнении с,твор,квалификатив
по сравнению с,твор,после сравнения с,твор,квалификатив
по сравнению с,твор,через сравнение с,твор,квалификатив
по сравнению с,твор,в сопоставлении с,твор,квалификатив
по сравнению с,твор,при сопоставлении с,твор,квалификатив
по сравнению с,твор,из сопоставления с,твор,квалификатив
по сравнению с,твор,по сопоставлению с,твор,квалификатив
по сравнению с,твор,от сопоставления с,твор,квалификатив
по сравнению с,твор,по сличению с,твор,квалификатив
по сравнению с,твор,в соотнесении с,твор,квалификатив
по сравнению с,твор,в сопоставлении с,твор,квалификатив
по сравнению с,твор,в сравнении с,твор,квалификатив
по сравнению с,твор,на фоне,род,квалификатив
по сравнению с,твор,сравнительно с,твор,квалификатив
по стезе,род,по пути,род,потенсив
по стезям,род,по пути,род,потенсив
по типу,род,наподобие,род,квалификатив
по ходу,род,в ходе,род,ситуатив
по ходу,род,в течение,род,темпоратив
по ходу,род,в процессе,род,темпоратив
по ходу,род,в ходе,род,ситуатив
по части,род,в части,род,тематив
по части,род,что касается,род,тематив
по части,род,в сфере,род,тематив
по части,род,в области,род,тематив
по части,род,касательно,род,тематив
по части,род,насчет,род,тематив
по части,род,в отношении,род,тематив
по части,род,что до,род,тематив
по части,род,в области,род,тематив
по части,род,в отношении,род,тематив
по части,род,в рассуждении,род,тематив
по части,род,в части,род,тематив
по части,род,насчет,род,тематив
по части,род,относительно,род,тематив
по части,род,что до,род,тематив
по черте,род,по линии,род,тематив
поблизости,род,вблизи,род,локатив
поблизости,род,возле,род,локатив
поблизости,род,подле,род,локатив
поблизости,род,близ,род,локатив
поблизости от,род,невдалеке от,род,локатив
поблизости от,род,близко от,род,локатив
поблизости от,род,неподалеку от,род,локатив
поблизости от,род,В двух шагах от,род,локатив
поблизости от,род,недалеко от,род,локатив
поблизости от,род,недалече от,род,локатив
поблизости от,род,вблизи от,род,локатив
поблизости от,род,рукой подать от,род,локатив
поблизости от,род,недалеко от,род,локатив
поблизости от,род,неподалёку от,род,локатив
поблизости от,род,обок,род,локатив
поблизости от,род,под носом у,род,локатив
поблизости от,род,подле,род,локатив
повдоль,род,вдоль,род,локатив
под боком у,род,невдалеке от,род,локатив
под боком у,род,недалеко от,род,локатив
под боком у,род,рядом с,твор,локатив
под видом,род,словно,им,квалификатив
под видом,род,точно,им,квалификатив
под видом,род,под личиной,род,квалификатив
под видом,род,под маркой,род,квалификатив
под видом,род,под предлогом,род,квалификатив
под знаками,род,под знаком,род,квалификатив
под знаком,род,под знаками,род,квалификатив
под истечением,род,по прошествии,род,темпоратив
под каблуком,род,в зависимости от,род,каузатив
под конец,род,в заключение,род,темпоратив
под конец,род,в заключение,род,темпоратив
под личиной,род,под видом,род,квалификатив
под маркой,род,под видом,род,квалификатив
под началом,род,в зависимости от,род,каузатив
под носом у,род,невдалеке от,род,локатив
под носом у,род,поблизости от,род,локатив
под носом у,род,недалеко от,род,локатив
под носом у,род,невдалеке от,род,локатив
под носом у,род,рядом с,твор,локатив
под предлогом,род,вследствие,род,дестинатив
под предлогом,род,из-за,род,дестинатив
под предлогом,род,по причине,род,дестинатив
под предлогом,род,под видом,род,дестинатив
под предлогом,род,по причине,род,дестинатив
под предлогом,род,ради,род,дестинатив
под руководством,род,во главе,род,локатив
под руководством,род,во главе с,твор,комитатив
под стать,дат,сообразно,дат,квалификатив
под тон,род,в духе,род,квалификатив
под тон,дат,в духе,род,квалификатив
под углом,род,в отношении,род,дестинатив
под эгидой,род,в рамках,род,тематив
подле,род,возле,род,локатив
подле,род,близ,род,локатив
подле,род,около,род,локатив
подле,род,рядом c,твор,локатив
подле,род,близко к,дат,локатив
подле,род,недалеко от,род,локатив
подле,род,неподалёку от,род,локатив
подле,род,недалече от,род,локатив
подле,род,в одном ряду с,твор,локатив
подле,род,рядышком с,твор,локатив
подле,род,плечо к плечу c,твор,локатив
подле,род,бок о бок с,твор,локатив
подле,род,неподалеку от,род,локатив
подле,род,плечом к плечу от,род,локатив
подле,род,при,предл,локатив
подле,род,поблизости от,род,локатив
подле,род,наравне с,твор,локатив
подле,род,наряду с,твор,локатив
подле,род,близ,род,локатив
подле,род,близко от,род,локатив
подле,род,в нескольких шагах от,род,локатив
подле,род,вблизи,род,локатив
подле,род,вблизи от,род,локатив
подле,род,наравне с,твор,локатив
подле,род,наряду с,твор,локатив
подле,род,о бок с,твор,локатив
подле,род,обок,род,локатив
подле,род,около,род,локатив
подле,род,поблизости,род,локатив
подле,род,возле,род,локатив
подобно,дат,в виде,род,квалификатив
подобно,дат,будто,им,квалификатив
подобно,дат,на манер,род,квалификатив
подобно,дат,близко,дат,квалификатив
подобно,дат,сходно,дат,квалификатив
подобно,дат,родственно,дат,квалификатив
подобно,дат,схоже,дат,квалификатив
подобно,дат,наподобие,род,квалификатив
подобно,дат,сродни,дат,квалификатив
подобно,дат,аналогично,дат,квалификатив
подобно,дат,типа,род,квалификатив
подобно,дат,а-ля,им,квалификатив
подобно,дат,по подобию,род,квалификатив
подобно,дат,а-ля,им,квалификатив
подобно,дат,в виде,род,квалификатив
подобно,дат,на манер,род,квалификатив
подобно,дат,наподобие,род,квалификатив
подобно,дат,по образу,род,квалификатив
подобно,дат,сродни,дат,квалификатив
подобно,дат,типа,род,квалификатив
подражая,дат,на манер,род,квалификатив
по-за,вин,за,вин,директив
по-за,твор,сзади,род,локатив
по-за,твор,позади,род,локатив
по-за,твор,за,твор,локатив
позад,род,позади,род,локатив
позади,род,позадь,род,локатив
позади,род,сзади,род,локатив
позади,род,назади,род,локатив
позади,род,за,твор,локатив
позади,род,следом за,твор,локатив
позади,род,отставая от,род,локатив
позади,род,по другую сторону от,род,локатив
позади,род,с обратной стороны от,род,локатив
позади,род,позад,род,локатив
позади,род,в тылу,род,локатив
позади,род,назади,род,локатив
позади,род,по-за,твор,локатив
позади,род,сзади,род,локатив
позадь,род,позади,род,локатив
позднее,род,по прошествии,род,темпоратив
помимо,род,за исключением,род,квалификатив
помимо,род,без,род,квалификатив
помимо,род,за исключением,род,квалификатив
помимо,род,исключая,вин,квалификатив
помимо,род,не считая,вин,комитатив
по-над,предл,вдоль,род,локатив
поодаль от,род,вдали от,род,локатив
поодаль от,род,в стороне от,род,локатив
поодаль от,род,недалеко от,род,локатив
поперек,род,вопреки,дат,локатив
поперек,род,наперекор,дат,локатив
поперек,дат,напротив,род,локатив
поперек,дат,несмотря на,вин,комитатив
поперёк,род,несмотря на,вин,комитатив
поперёк,род,напротив,род,локатив
поперёк,род,наперекор,дат,директив
поперёк,род,вопреки,дат,директив
по-под,предл,вдоль,род,локатив
посереди,род,промеж,род,локатив
посереди,род,промеж,род,локатив
посередине,род,промеж,род,локатив
посередине,род,промеж,род,локатив
посерединке,род,промеж,род,локатив
посередке,род,промеж,род,локатив
посерёдке,род,промеж,род,локатив
посерёдке,род,промеж,род,локатив
посередь,род,промеж,род,локатив
посередь,род,промеж,род,локатив
посередь,род,промеж,род,локатив
после,род,по прошествии,род,темпоратив
после истечения,род,по прошествии,род,темпоратив
после прошествия,род,по прошествии,род,темпоратив
после сравнения с,твор,по сравнению с,твор,квалификатив
посреди,род,промеж,род,локатив
посреди,род,промеж,род,локатив
посреди,род,промеж,род,локатив
посредине,род,промеж,род,локатив
посредине,род,промеж,род,локатив
посредине,род,промеж,род,локатив
посредством,род,при помощи,род,инструментив
посредством,род,путем,род,инструментив
посредством,род,с помощью,род,инструментив
посредством,род,через,род,инструментив
посредством,род,чрез,род,инструментив
посредством,род,за счет,род,инструментив
посредством,род,при помощи,род,инструментив
посредством,род,при посредстве,род,инструментив
посредством,род,путём,род,инструментив
посредством,род,с помощью,род,инструментив
посредством,род,через посредство,род,инструментив
посредь,род,промеж,род,локатив
преж,род,накануне,род,темпоратив
прежде,род,накануне,род,темпоратив
прежде,род,накануне,род,темпоратив
при,предл,благодаря,дат,каузатив
при,предл,близ,род,локатив
при,предл,в сопровождении,род,комитатив
при,предл,в условиях,род,ситуатив
при,предл,возле,род,локатив
при,предл,подле,род,локатив
при,предл,вследствие,род,каузатив
при всём,предл,вместе с,твор,комитатив
при помощи,род,посредством,род,инструментив
при помощи,род,благодаря,дат,каузатив
при помощи,род,благодаря,дат,каузатив
при помощи,род,за счет,род,инструментив
при помощи,род,посредством,род,инструментив
при посредстве,род,посредством,род,инструментив
при посредстве,род,путем,род,инструментив
при посредстве,род,вследствие,род,каузатив
при проведении,род,в ходе,род,ситуатив
при сопоставлении с,твор,по сравнению с,твор,квалификатив
при сравнении с,твор,по сравнению с,твор,квалификатив
применительно к,дат,в зависимости от,род,каузатив
принимая во внимание,вин,в зависимости от,род,каузатив
про,вин,для-ради,род,дестинатив
про,вин,насчет,род,дестинатив
про,вин,относительно,род,дестинатив
про,вин,ради,род,дестинатив
промеж,род,между,твор,локатив
промеж,род,посерединке,род,локатив
промеж,род,посредь,род,локатив
промеж,род,посередке,род,локатив
промеж,род,посредине,род,локатив
промеж,род,посередине,род,локатив
промеж,род,посреди,род,локатив
промеж,род,средь,род,локатив
промеж,род,среди,род,локатив
промеж,род,промежду,род,локатив
промеж,род,посереди,род,локатив
промеж,род,посередь,род,локатив
промеж,род,меж,род,локатив
промеж,род,меж,твор,локатив
промеж,род,посереди,род,локатив
промеж,род,посередине,род,локатив
промеж,род,посерёдке,род,локатив
промеж,род,посерёдке,род,локатив
промеж,род,посередь,род,локатив
промеж,род,посередь,род,локатив
промеж,род,посреди,род,локатив
промеж,род,посреди,род,локатив
промеж,род,посредине,род,локатив
промеж,род,посредине,род,локатив
промеж,род,середи,род,локатив
промеж,род,середь,род,локатив
промеж,род,среди,род,локатив
промежду,род,промеж,род,локатив
пропорционально,дат,сообразно,дат,квалификатив
пропорционально,дат,сообразно с,твор,квалификатив
против,род,вопреки,дат,директив
против,род,наперекор,дат,директив
против,род,несмотря на,вин,комитатив
против,род,напротив,род,локатив
против,род,насупротив,род,локатив
против,род,в сравнении с,твор,квалификатив
против,род,сравнительно с,твор,квалификатив
против,род,невзирая на,вин,комитатив
против,род,вопреки,дат,директив
против,род,наперекор,дат,директив
против,род,напротив,род,локатив
против,род,насупротив,род,локатив
против,род,несмотря на,вин,комитатив
противно,дат,вопреки,дат,директив
противно,дат,наперекор,дат,директив
противно,дат,несмотря на,вин,комитатив
противно,дат,невзирая на,вин,комитатив
противно,дат,наперекор,дат,директив
противу,род,напротив,род,локатив
противу,род,вопреки,дат,директив
противу,род,наперекор,дат,директив
противу,род,насупротив,род,локатив
путем,род,посредством,род,инструментив
путем,род,при посредстве,род,инструментив
путем,род,с помощью,род,инструментив
путём,род,посредством,род,инструментив
ради,род,с целью,род,дестинатив
ради,род,во имя,род,дестинатив
ради,род,по причине,род,каузатив
ради,род,в интересах,род,дестинатив
ради,род,вследствие,род,каузатив
ради,род,про,вин,дестинатив
ради,род,благодаря,дат,каузатив
ради,род,в пользу,род,дестинатив
ради,род,в целях,род,дестинатив
ради,род,под предлогом,род,дестинатив
ради,род,в пользу,род,дестинатив
ради,род,по причине,род,каузатив
ради,род,с целью,род,дестинатив
ради блага,род,в пользу,род,дестинатив
ради выгоды,род,в пользу,род,дестинатив
родственно,дат,подобно,дат,квалификатив
руководствуясь,твор,исходя из,род,инструментив
рукой подать от,род,поблизости от,род,локатив
рядом c,твор,подле,род,локатив
рядом с,твор,в близости от,род,локатив
рядом с,твор,в сравнении с,твор,локатив
рядом с,твор,в сопоставлении с,твор,локатив
рядом с,твор,одновременно с,твор,локатив
рядом с,твор,наряду с,твор,локатив
рядом с,твор,близ,род,локатив
рядом с,твор,вблизи,род,локатив
рядом с,твор,наравне с,твор,локатив
рядом с,твор,совместно с,твор,локатив
рядом с,твор,близко от,род,локатив
рядом с,твор,вблизи от,род,локатив
рядом с,твор,сравнительно с,твор,локатив
рядом с,твор,в соседстве с,твор,локатив
рядом с,твор,по соседству с,твор,локатив
рядом с,твор,синхронно с,твор,локатив
рядом с,твор,единовременно с,твор,локатив
рядом с,твор,одинаково с,твор,локатив
рядом с,твор,вместе с,твор,локатив
рядом с,твор,невдалеке от,род,локатив
рядом с,твор,невдали от,род,локатив
рядом с,твор,неподалеку от,род,локатив
рядом с,твор,под боком у,род,локатив
рядом с,твор,под носом у,род,локатив
рядом с,твор,близ,род,локатив
рядом с,твор,близко от,род,локатив
рядом с,твор,в нескольких шагах от,род,локатив
рядом с,твор,в шаге от,род,локатив
рядом с,твор,вблизи,род,локатив
рядом с,твор,вблизи от,род,локатив
рядом с,твор,возле,род,локатив
рядом с,твор,вровень с,твор,локатив
рядом с,твор,наравне с,твор,локатив
рядом с,твор,наряду с,твор,локатив
рядом с,твор,недалеко от,род,локатив
рядом с,твор,неподалёку от,род,локатив
рядом с,твор,неподалёку от,род,локатив
рядом с,твор,обок,род,локатив
рядом с,твор,обок,род,локатив
рядом с,твор,обочь,род,локатив
рядом с,твор,около,род,локатив
рядом с,твор,совместно с,твор,локатив
рядышком с,твор,подле,род,локатив
с,род,в результате,род,каузатив
с,твор,в сопровождении,род,комитатив
с,твор,не без,род,комитатив
с,род,по причине,род,каузатив
с,твор,совместно с,твор,комитатив
с задачей,род,с целью,род,дестинатив
с использованием,род,за счет,род,инструментив
с истечением,род,по прошествии,род,темпоратив
с обратной стороны от,род,позади,род,локатив
с помощью,род,посредством,род,инструментив
с помощью,род,путем,род,инструментив
с помощью,род,посредством,род,инструментив
с помощью,род,за счет,род,инструментив
с прицелом на,вин,с целью,род,дестинатив
с прицелом на,вин,с целью,род,дестинатив
с прошествием,род,по прошествии,род,темпоратив
с учётом,род,в зависимости от,род,каузатив
с учётом,род,в зависимости от,род,каузатив
с целью,род,в целях,род,дестинатив
с целью,род,для,род,дестинатив
с целью,род,ради,род,дестинатив
с целью,род,с прицелом на,вин,дестинатив
с целью,род,с задачей,род,дестинатив
с целью,род,в целях,род,дестинатив
с целью,род,для-ради,род,дестинатив
с целью,род,на предмет,род,дестинатив
с целью,род,ради,род,дестинатив
с целью,род,с прицелом на,вин,дестинатив
сверх,род,без,род,квалификатив
середи,род,промеж,род,локатив
середь,род,промеж,род,локатив
сзади,род,позади,род,локатив
сзади,род,за,род,локатив
сзади,род,назади,род,локатив
сзади,род,за спиной,род,локатив
сзади,род,назади,род,локатив
сзади,род,по-за,твор,локатив
сзади,род,позади,род,локатив
синхронно с,твор,наряду с,твор,комитатив
синхронно с,твор,рядом с,твор,локатив
следом за,твор,позади,род,локатив
следуя из,род,в зависимости от,род,каузатив
словно,им,вроде,род,квалификатив
словно,им,под видом,род,квалификатив
сменяя собой,вин,на смену,дат,трансгрессив
смотря по,дат,в зависимости от,род,инструментив
смотря по,дат,в соответствии с,твор,инструментив
совместно с,твор,вместе с,твор,комитатив
совместно с,твор,наряду с,твор,комитатив
совместно с,твор,наравне с,твор,комитатив
совместно с,твор,параллельно с,твор,комитатив
совместно с,твор,рядом с,твор,комитатив
совместно с,твор,с,твор,комитатив
совместно с,твор,вкупе с,твор,комитатив
совместно с,твор,в содружестве с,твор,комитатив
совместно с,твор,в сообществе,род,комитатив
совместно с,твор,в сообществе с,твор,комитатив
совместно с,твор,в супряге с,твор,комитатив
совместно с,твор,вместе с,твор,комитатив
совместно с,твор,наравне с,твор,комитатив
совместно с,твор,наряду с,твор,комитатив
совместно с,твор,одновременно с,твор,комитатив
совместно с,твор,рядом с,твор,комитатив
совокупно с,твор,вместе с,твор,комитатив
согласно,дат,в соответствии с,твор,квалификатив
согласно,дат,по,дат,квалификатив
согласно,дат,сообразно,дат,квалификатив
согласно,дат,из-за,род,квалификатив
согласно,дат,ввиду,род,квалификатив
согласно,дат,вследствие,род,квалификатив
согласно,дат,соответственно,дат,квалификатив
согласно,дат,в применении к,дат,квалификатив
согласно,дат,в согласии,род,квалификатив
согласно,дат,в соответствии с,твор,квалификатив
согласно,дат,на основании,род,квалификатив
согласно,дат,согласно с,твор,квалификатив
согласно,дат,сообразно,дат,квалификатив
согласно,дат,сообразно с,твор,квалификатив
согласно,дат,соответственно,дат,квалификатив
согласно,дат,соответственно с,твор,квалификатив
согласно,дат,соразмерно,дат,квалификатив
согласно,дат,соразмерно с,твор,квалификатив
согласно с,твор,согласно,дат,квалификатив
согласно с,твор,в соответствии с,твор,квалификатив
согласно с,твор,по,дат,квалификатив
согласно с,твор,сообразно,дат,квалификатив
согласно с,твор,из-за,род,квалификатив
согласно с,твор,ввиду,род,квалификатив
согласно с,твор,вследствие,род,квалификатив
согласно с,твор,соответственно,дат,квалификатив
согласно с,твор,в унисон с,твор,квалификатив
сообразно,дат,по,дат,квалификатив
сообразно,дат,согласно,дат,квалификатив
сообразно,дат,соответственно,дат,квалификатив
сообразно,дат,в соответствии с,твор,квалификатив
сообразно,дат,соразмерно,дат,квалификатив
сообразно,дат,пропорционально,дат,квалификатив
сообразно,дат,в применении,род,квалификатив
сообразно,дат,в меру,род,квалификатив
сообразно,дат,в меру,род,квалификатив
сообразно,дат,в применении к,дат,квалификатив
сообразно,дат,по мере,род,квалификатив
сообразно,дат,под стать,дат,квалификатив
сообразно,дат,согласно,дат,квалификатив
сообразно,дат,согласно с,твор,квалификатив
сообразно,дат,сообразно с,твор,квалификатив
сообразно,дат,соответственно,дат,квалификатив
сообразно,дат,соответственно с,твор,квалификатив
сообразно,дат,соразмерно,дат,квалификатив
сообразно,дат,соразмерно с,твор,квалификатив
сообразно с,твор,сообразно,дат,квалификатив
сообразно с,твор,по,дат,квалификатив
сообразно с,твор,согласно,дат,квалификатив
сообразно с,твор,соответственно,дат,квалификатив
сообразно с,твор,в соответствии с,твор,квалификатив
сообразно с,твор,соразмерно,дат,квалификатив
сообразно с,твор,пропорционально,дат,квалификатив
сообразно с,твор,в применении,род,квалификатив
сообразно с,твор,в меру,род,квалификатив
соответственно,дат,согласно,дат,квалификатив
соответственно,дат,сообразно,дат,квалификатив
соответственно,дат,в зависимости от,род,квалификатив
соответственно,дат,в соответствии с,твор,квалификатив
соответственно,дат,по,дат,квалификатив
соответственно,дат,соразмерно,дат,квалификатив
соответственно,дат,в меру,род,квалификатив
соответственно,дат,в применении к,дат,квалификатив
соответственно,дат,в соответствии с,твор,квалификатив
соответственно,дат,по мере,род,квалификатив
соответственно,дат,согласно,дат,квалификатив
соответственно,дат,согласно с,твор,квалификатив
соответственно,дат,сообразно,дат,квалификатив
соответственно,дат,сообразно с,твор,квалификатив
соответственно,дат,соответственно с,твор,квалификатив
соответственно,дат,соразмерно,дат,квалификатив
соответственно,дат,соразмерно с,твор,квалификатив
соответственно с,твор,соответственно,дат,квалификатив
соответственно с,твор,согласно,дат,квалификатив
соответственно с,твор,сообразно,дат,квалификатив
соответственно с,твор,в зависимости от,род,квалификатив
соответственно с,твор,в соответствии с,твор,квалификатив
соответственно с,твор,по,дат,квалификатив
соответственно с,твор,соразмерно,дат,квалификатив
соответственно с,твор,в соответствии с,твор,квалификатив
соразмерно,дат,в соответствии с,твор,квалификатив
соразмерно,дат,согласно,дат,квалификатив
соразмерно,дат,сообразно,дат,квалификатив
соразмерно,дат,соответственно,дат,квалификатив
соразмерно,дат,сообразно,дат,квалификатив
соразмерно,дат,сообразно с,твор,квалификатив
соразмерно,дат,соответственно,дат,квалификатив
соразмерно,дат,соответственно с,твор,квалификатив
соразмерно,дат,соразмерно с,твор,квалификатив
соразмерно с,твор,соразмерно,дат,квалификатив
соразмерно с,твор,в соответствии с,твор,квалификатив
соразмерно с,твор,согласно,дат,квалификатив
соразмерно с,твор,сообразно,дат,квалификатив
соразмерно с,твор,соответственно,дат,квалификатив
соразмерно с,твор,в меру,род,квалификатив
спустя,вин,по прошествии,род,темпоратив
сравнительно с,твор,в сравнении с,твор,квалификатив
сравнительно с,твор,по сравнению с,твор,квалификатив
сравнительно с,твор,в сопоставлении с,твор,квалификатив
сравнительно с,твор,в сравнении с,твор,квалификатив
сравнительно с,твор,против,род,квалификатив
сравнительно с,твор,рядом с,твор,квалификатив
среди,род,в условиях,род,ситуатив
среди,род,в числе,род,комитатив
среди,род,промеж,род,локатив
среди,род,во время,род,темпоратив
среди,род,в условиях,род,ситуатив
среди,род,в числе,род,комитатив
среди,род,промеж,род,локатив
средь,род,промеж,род,локатив
сродни,дат,подобно,дат,квалификатив
сродни,дат,наподобие,род,квалификатив
сродни,дат,подобно,дат,квалификатив
ссылаясь на,вин,исходя из,род,инструментив
супротив,род,напротив,род,локатив
супротив,род,вопреки,дат,директив
супротив,дат,наперекор,дат,директив
супротивно,дат,наперекор,дат,директив
сходно,дат,подобно,дат,квалификатив
схоже,дат,подобно,дат,квалификатив
типа,род,подобно,дат,квалификатив
типа,род,в виде,род,квалификатив
типа,род,вроде,род,квалификатив
типа,род,в виде,род,квалификатив
типа,род,вроде,род,квалификатив
типа,род,наподобие,род,квалификатив
типа,род,подобно,дат,квалификатив
точно,им,под видом,род,квалификатив
у,род,близ,род,локатив
у,род,возле,род,локатив
у ворот,род,близ,род,локатив
у кормила,род,во главе,род,локатив
у ног,род,возле,род,локатив
у руля,род,во главе,род,локатив
у стен,род,близ,род,локатив
указывая на,вин,исходя из,род,инструментив
учитывая,вин,за счет,род,инструментив
учитывая,вин,исходя из,род,инструментив
через,вин,благодаря,дат,каузатив
через,вин,вследствие,род,каузатив
через,вин,за счет,род,инструментив
через,род,посредством,род,инструментив
через посредство,род,посредством,род,инструментив
через посредство,род,за счет,род,инструментив
через сравнение с,твор,по сравнению с,твор,квалификатив
чрез,род,посредством,род,инструментив
что до,род,в отношении,род,дестинатив
что до,род,касательно,род,тематив
что до,род,по части,род,тематив
что до,род,в отношении,род,дестинатив
что до,род,по части,род,тематив
что касается,род,по части,род,тематив
что-то вроде,род,в виде,род,квалификатив
что-то вроде,род,на манер,род,квалификатив
благодаря,дат,за,вин,каузатив
благодаря,дат,из,род,каузатив
благодаря,дат,из-за,род,каузатив
благодаря,дат,по,дат,каузатив
близ,род,под,твор,локатив
в,вин,на,вин,темпоратив
в,предл,на,предл,локатив
в,предл,на,предл,ситуатив
в,предл,по,дат,локатив
в,вин,по,дат,квантитатив
в замену,род,на,вин,дестинатив
в качестве,род,за,вин,квалификатив
в направлении,род,на,вин,директив
в области,род,по,дат,тематив
в отношении,род,с,твор,дестинатив
в память о,предл,на,вин,каузатив
в пользу,род,за,вин,дестинатив
в противность,дат,против,род,квалификатив
в противовес,дат,против,род,квалификатив
в размере,род,на,вин,квантитатив
в результате,род,за,вин,каузатив
в результате,род,из,род,каузатив
в связи с,твор,из-за,род,каузатив
в связи с,твор,с,твор,каузатив
в силу,род,за,вин,каузатив
в силу,род,из,род,каузатив
в силу,род,из-за,род,каузатив
в соответствии с,твор,по,дат,квалификатив
в сопровождении,род,с,твор,комитатив
в сторону,род,на,вин,директив
в сторону,род,под,вин,директив
в сумме,род,на,вин,квантитатив
в течение,род,за,вин,темпоратив
в условиях,род,на,предл,ситуатив
в целях,род,на,вин,дестинатив
в части,род,по,дат,тематив
в шаге от,род,у,род,локатив
вблизи от,род,против,род,локатив
вблизи от,род,у,род,локатив
ввиду,род,за,вин,каузатив
ввиду,род,из,род,каузатив
ввиду,род,из-за,род,каузатив
вдоль,род,по,дат,локатив
вместе с,твор,с,твор,комитатив
вместо,род,за,вин,квалификатив
внутри,род,на,предл,локатив
во время,род,за,вин,темпоратив
во время,род,на,предл,темпоратив
во время,род,с,твор,темпоратив
во имя,род,по,дат,дестинатив
возле,род,под,твор,локатив
возле,род,при,предл,локатив
вокруг,род,под,твор,локатив
вопреки,дат,против,род,директив
вплотную к,дат,у,род,локатив
вплоть до,род,до,род,квантитатив
вплоть до,род,до,род,квантитатив
вплоть до,род,до,род,квантитатив
вплоть до,род,по,вин,квантитатив
вслед за,твор,за,твор,темпоратив
вслед за,твор,за,твор,директив
вследствие,род,за,вин,каузатив
вследствие,род,из,род,каузатив
вследствие,род,из-за,род,каузатив
вследствие,род,от,род,каузатив
выше,род,над,твор,локатив
дальше,род,за,вин,квантитатив
дальше,род,за,твор,локатив
для,род,до,род,потенсив
для,род,за,вин,дестинатив
для,род,на,вин,дестинатив
для,род,по,дат,дестинатив
для,род,под,вин,дестинатив
для,род,про,вин,дестинатив
до,род,к,дат,директив
до,род,вплоть до,род,квантитатив
до,род,перед,твор,локатив
до,род,вплоть до,род,квантитатив
до,род,перед,твор,темпоратив
до,род,около,род,квантитатив
до,род,вплоть до,род,квантитатив
до,род,к,дат,потенсив
до,род,на,вин,потенсив
до,род,для,род,потенсив
до,род,касательно,род,тематив
до,род,относительно,род,потенсив
до,род,по,вин,темпоратив
до,род,по,вин,квантитатив
за,вин,на расстоянии,род,квантитатив
за,вин,дальше,род,квантитатив
за,вин,в течение,род,темпоратив
за,вин,по причине,род,каузатив
за,вин,вследствие,род,каузатив
за,вин,для,род,дестинатив
за,вин,в пользу,род,дестинатив
за,вин,вместо,род,квалификатив
за,вин,в качестве,род,квалификатив
за,твор,за пределами,род,локатив
за,твор,позади,род,локатив
за,твор,около,род,локатив
за,твор,рядом с,твор,локатив
за,твор,дальше,род,локатив
за,вин,во время,род,темпоратив
за,твор,после,род,темпоратив
за,вин,из-за,род,каузатив
за,вин,из,род,каузатив
за,вин,от,род,каузатив
за,вин,по,дат,каузатив
за,вин,с,род,каузатив
за,вин,благодаря,дат,каузатив
за,вин,в результате,род,каузатив
за,вин,ввиду,род,каузатив
за,вин,в силу,род,каузатив
за,твор,над,твор,объект
за,твор,вслед за,твор,темпоратив
за,твор,у,род,локатив
за,твор,вслед за,твор,директив
за,твор,у,род,комитатив
за,твор,из-за,род,каузатив
за,твор,по,вин,дестинатив
за,вин,от,род,темпоратив
за границы,род,из-под,род,трансгрессив
за пределами,род,за,твор,локатив
из,род,от,род,директив
из,род,с,род,директив
из,род,от,род,сурсив
из,род,от,род,квалификатив
из,род,среди,род,квалификатив
из,род,с помощью,род,инструментив
из,род,посредством,род,инструментив
из,род,из-за,род,каузатив
из,род,за,вин,каузатив
из,род,от,род,каузатив
из,род,по,дат,каузатив
из,род,с,род,каузатив
из,род,благодаря,дат,каузатив
из,род,в результате,род,каузатив
из,род,ввиду,род,каузатив
из,род,в силу,род,каузатив
из,род,по причине,род,каузатив
из,род,вследствие,род,каузатив
из,род,с,род,квантитатив
из,род,от,род,квантитатив
из,род,из-за,род,директив
из,род,из-под,род,директив
из,род,с,род,инструментив
из-за,род,с,род,директив
из-за,род,из,род,директив
из-за,род,за,твор,каузатив
из-за,род,от,род,директив
из-за,род,благодаря,дат,каузатив
из-за,род,в связи с,твор,каузатив
из-за,род,ввиду,род,каузатив
из-за,род,в силу,род,каузатив
из-за,род,по причине,род,каузатив
из-за,род,вследствие,род,каузатив
из-за,род,по поводу,род,каузатив
из-за,род,по вине,род,каузатив
из-за,род,ради,род,каузатив
из-за,род,за,вин,каузатив
из-за,род,из,род,каузатив
из-за,род,на,вин,каузатив
из-за,род,по,дат,каузатив
из-за,род,по,предл,каузатив
из-за,род,с,род,каузатив
из-за,род,от,род,каузатив
из-под,род,из,род,директив
из-под,род,от,род,директив
из-под,род,от,род,трансгрессив
из-под,род,за границы,род,трансгрессив
к,дат,до,род,директив
к,дат,до,род,потенсив
к,дат,под,вин,темпоратив
касательно,род,до,род,тематив
ко времени,род,на,вин,темпоратив
лицом к,дат,против,род,локатив
на,вин,в направлении,род,директив
на,вин,в сторону,род,директив
на,вин,в,вин,темпоратив
на,вин,на срок,им,темпоратив
на,вин,ко времени,род,темпоратив
на,вин,для,род,дестинатив
на,вин,с целью,род,дестинатив
на,вин,в целях,род,дестинатив
на,вин,ради,род,дестинатив
на,вин,в замену,род,дестинатив
на,твор,с помощью,род,инструментив
на,твор,посредством,род,инструментив
на,твор,при помощи,род,инструментив
на,вин,по причине,род,каузатив
на,вин,по поводу,род,каузатив
на,вин,в память о,предл,каузатив
на,вин,из-за,род,каузатив
на,вин,с,твор,квалификатив
на,вин,в сумме,род,квантитатив
на,вин,в размере,род,квантитатив
на,твор,на основе,род,инструментив
на,твор,на основании,род,инструментив
на,вин,о,предл,объект
на,предл,поверх,род,локатив
на,предл,над,твор,локатив
на,предл,в,предл,локатив
на,предл,сверху,род,локатив
на,предл,внутри,род,локатив
на,предл,в,предл,ситуатив
на,предл,во время,род,темпоратив
на,предл,в условиях,род,ситуатив
на,вин,до,род,потенсив
на,предл,по,дат,локатив
на,вин,по,дат,квантитатив
на,вин,про,вин,дестинатив
на основании,род,на,твор,инструментив
на основе,род,на,твор,инструментив
на расстоянии,род,за,вин,квантитатив
на срок,им,на,вин,темпоратив
навстречу,дат,против,род,директив
над,твор,поверх,род,локатив
над,твор,выше,род,локатив
над,твор,по-над,твор,локатив
над,твор,с,твор,объект
над,твор,за,твор,объект
над,твор,на,предл,локатив
наперекор,дат,против,род,директив
начиная с,род,с,род,темпоратив
начиная с,род,от,род,квантитатив
невдалеке от,род,у,род,локатив
неподалеку от,род,у,род,локатив
о,предл,про,вин,дестинатив
о,предл,с,вин,квантитатив
о,предл,на,вин,объект
о,предл,по,дат,тематив
о,предл,по,предл,тематив
о бок с,твор,у,род,локатив
около,род,до,род,квантитатив
около,род,за,твор,локатив
около,род,под,твор,локатив
около,род,под,вин,квантитатив
около,род,с,вин,квантитатив
около,род,у,род,локатив
от,род,с,род,квантитатив
от,род,начиная с,род,квантитатив
от,род,за,вин,темпоратив
от,род,из-за,род,каузатив
от,род,вследствие,род,каузатив
от,род,по причине,род,каузатив
от,род,против,род,потенсив
от,род,за,вин,каузатив
от,род,из,род,директив
от,род,из,род,сурсив
от,род,из,род,квалификатив
от,род,из,род,каузатив
от,род,из,род,квантитатив
от,род,из-за,род,директив
от,род,из-под,род,директив
от,род,из-под,род,трансгрессив
от,род,по,дат,каузатив
от,род,с,род,директив
от,род,с,род,темпоратив
от,род,с,род,каузатив
от,род,с,род,сурсив
от,род,у,род,сурсив
относительно,род,до,род,потенсив
относительно,род,с,твор,тематив
перед,твор,до,род,локатив
перед,твор,до,род,темпоратив
перед,твор,под,вин,темпоратив
перед,твор,против,род,локатив
по,дат,на,предл,локатив
по,дат,в,предл,локатив
по,дат,вдоль,род,локатив
по,дат,рядом с,твор,локатив
по,дат,после,род,темпоратив
по,дат,по истечении,род,темпоратив
по,дат,по окончании,род,темпоратив
по,дат,с помощью,род,инструментив
по,дат,при помощи,род,инструментив
по,дат,в области,род,тематив
по,дат,посредством,род,инструментив
по,дат,о,предл,тематив
по,дат,по части,род,тематив
по,дат,в части,род,тематив
по,дат,для,род,дестинатив
по,дат,с целью,род,дестинатив
по,дат,ради,род,дестинатив
по,дат,во имя,род,дестинатив
по,дат,благодаря,дат,каузатив
по,дат,из-за,род,каузатив
по,дат,в соответствии с,твор,квалификатив
по,дат,согласно с,твор,квалификатив
по,дат,сообразно с,твор,квалификатив
по,дат,соответственно с,твор,квалификатив
по,дат,со слов,род,сурсив
по,дат,по причине,род,каузатив
по,дат,от,род,каузатив
по,дат,на,вин,квантитатив
по,дат,в,вин,квантитатив
по,вин,до,род,темпоратив
по,вин,за,твор,дестинатив
по,вин,с целью,род,дестинатив
по,вин,до,род,квантитатив
по,вин,вплоть до,род,квантитатив
по,вин,справа от,род,локатив
по,вин,поодаль от,род,локатив
по,вин,по бокам,род,локатив
по,вин,по бокам от,род,локатив
по,предл,после,род,темпоратив
по,предл,о,предл,тематив
по,предл,из-за,род,каузатив
по,дат,за,вин,каузатив
по,дат,из,род,каузатив
по бокам,род,по,вин,локатив
по бокам от,род,по,вин,локатив
по вине,род,из-за,род,каузатив
по истечении,род,по,дат,темпоратив
по истечении,род,через,род,темпоратив
по мере,род,с,твор,темпоратив
по окончании,род,по,дат,темпоратив
по поводу,род,из-за,род,каузатив
по поводу,род,на,вин,каузатив
по поводу,род,с,твор,тематив
по причине,род,за,вин,каузатив
по причине,род,из,род,каузатив
по причине,род,из-за,род,каузатив
по причине,род,на,вин,каузатив
по причине,род,по,дат,каузатив
по причине,род,с,род,каузатив
по причине,род,от,род,каузатив
по прошествии,род,через,род,темпоратив
по пути к,дат,под,твор,локатив
по случаю,род,с,твор,каузатив
по части,род,по,дат,тематив
по-над,твор,над,твор,локатив
поблизости от,род,под,твор,локатив
поблизости от,род,у,род,локатив
поверх,род,на,предл,локатив
поверх,род,над,твор,локатив
поверх,род,через,род,локатив
под,твор,подле,род,локатив
под,твор,близ,род,локатив
под,твор,возле,род,локатив
под,твор,около,род,локатив
под,твор,вокруг,род,локатив
под,твор,рядом с,твор,локатив
под,твор,поблизости от,род,локатив
под,твор,по пути к,дат,локатив
под,вин,в сторону,род,директив
под,вин,к,дат,темпоратив
под,вин,перед,твор,темпоратив
под,вин,для,род,дестинатив
под,вин,около,род,квантитатив
подле,род,под,твор,локатив
позади,род,за,твор,локатив
поодаль от,род,по,вин,локатив
поперек,род,через,род,локатив
после,род,за,твор,темпоратив
после,род,по,дат,темпоратив
после,род,по,предл,темпоратив
посредством,род,из,род,инструментив
посредством,род,на,твор,инструментив
посредством,род,по,дат,инструментив
посредством,род,с,род,инструментив
посредством,род,через,род,инструментив
при,предл,возле,род,локатив
при,предл,у,род,локатив
при,предл,с,твор,комитатив
при,предл,у,род,комитатив
при помощи,род,на,твор,инструментив
при помощи,род,по,дат,инструментив
при помощи,род,с,род,инструментив
про,вин,о,предл,дестинатив
про,вин,на,вин,дестинатив
про,вин,для,род,дестинатив
против,род,перед,твор,локатив
против,род,у,род,локатив
против,род,вблизи от,род,локатив
против,род,лицом к,дат,локатив
против,род,навстречу,дат,директив
против,род,наперекор,дат,директив
против,род,вопреки,дат,директив
против,род,в противовес,дат,квалификатив
против,род,в противность,дат,квалификатив
против,род,от,род,потенсив
ради,род,из-за,род,каузатив
ради,род,на,вин,дестинатив
ради,род,по,дат,дестинатив
рядом с,твор,за,твор,локатив
рядом с,твор,по,дат,локатив
рядом с,твор,под,твор,локатив
рядом с,твор,у,род,локатив
с,вин,около,род,квантитатив
с,род,от,род,директив
с,род,из,род,директив
с,род,от,род,темпоратив
с,род,начиная с,род,темпоратив
с,род,от,род,каузатив
с,род,из-за,род,каузатив
с,род,по причине,род,каузатив
с,род,от,род,сурсив
с,род,при помощи,род,инструментив
с,род,с помощью,род,инструментив
с,род,посредством,род,инструментив
с,род,из,род,инструментив
с,твор,вместе с,твор,комитатив
с,твор,в сопровождении,род,комитатив
с,твор,по поводу,род,тематив
с,твор,относительно,род,тематив
с,твор,в отношении,род,дестинатив
с,твор,в связи с,твор,каузатив
с,твор,по случаю,род,каузатив
с,твор,по мере,род,темпоратив
с,твор,во время,род,темпоратив
с,род,за,вин,каузатив
с,род,из,род,каузатив
с,род,из,род,квантитатив
с,род,из-за,род,директив
с,твор,на,вин,квалификатив
с,твор,над,твор,объект
с,вин,о,предл,квантитатив
с,твор,при,предл,комитатив
с,род,у,род,сурсив
с,род,от,род,квантитатив
с помощью,род,из,род,инструментив
с помощью,род,на,твор,инструментив
с помощью,род,по,дат,инструментив
с помощью,род,с,род,инструментив
с помощью,род,через,род,инструментив
с целью,род,на,вин,дестинатив
с целью,род,по,дат,дестинатив
с целью,род,по,вин,дестинатив
сверху,род,на,предл,локатив
сквозь,вин,через,род,локатив
сквозь,вин,скрозь,род,локатив
сквозь,вин,через,род,инструментив
скрозь,род,сквозь,вин,локатив
со слов,род,по,дат,сурсив
согласно с,твор,по,дат,квалификатив
сообразно с,твор,по,дат,квалификатив
соответственно с,твор,по,дат,квалификатив
справа от,род,по,вин,локатив
спустя,вин,через,род,темпоратив
среди,род,из,род,квалификатив
у,род,около,род,локатив
у,род,рядом с,твор,локатив
у,род,поблизости от,род,локатив
у,род,неподалеку от,род,локатив
у,род,о бок с,твор,локатив
у,род,невдалеке от,род,локатив
у,род,вплотную к,дат,локатив
у,род,вблизи от,род,локатив
у,род,в шаге от,род,локатив
у,род,от,род,сурсив
у,род,с,род,сурсив
у,род,за,твор,локатив
у,род,за,твор,комитатив
у,род,при,предл,локатив
у,род,при,предл,комитатив
у,род,против,род,локатив
через,род,сквозь,вин,локатив
через,род,поперек,род,локатив
через,род,спустя,вин,темпоратив
через,род,по истечении,род,темпоратив
через,род,по прошествии,род,темпоратив
через,род,поверх,род,локатив
через,род,с помощью,род,инструментив
через,род,посредством,род,инструментив
через,род,сквозь,вин,инструментив
