Предлог,Падеж,Варианты,N,Хаген,Т. Ф. Ефремова,Ляшевская-Шаров,Викисловарь,МАС,Opencorpora,ХАНКО,НКРЯ,SemSyn,Рогожникова,Шведова,Иомдин,Комментарий
а-ля,Им,,7,+,+,+,+,-,+,,+,,,-,+,
без,Род,безо,10,+,+,+,+,+,+,+,+,,,+,+,
без ведома,Род,,7,+,+,-,"Устойчивое сочетание, исп. в кач-ве предлога",-,,+,+,+,+,-,-,
без оглядки на,Вин,,1,,-,-,-,-,,-,+,,-,-,-,"МАС: без оглядки – уст. сочетание
Вики: без оглядки – уст. сочет, исп в кач-ве наречия"
без помощи,Род,,4,,-,-,-,-,,+,+,+,-,+,-,
без разрешения,Род,,1,,+,-,-,-,,-,-,,-,-,-,"НКРЯ: омонимия снята, предлог + сущ."
без согласия,Род,,2,,+,-,-,-,,-,+,,-,-,-,
без согласия на то,,,1,,-,-,-,-,,-,+,,-,-,-,
без согласования с,Твор,без согласования со,1,,-,-,-,-,,-,+,,-,-,-,Вариант: без согласования со
без сопровождения,"Род, Твор",,4,,-,-,-,-,,+,+,+,-,+,-,
благодаря,Дат,,10,+,+,+,+,+,+,+,+,,,+,+,
близ,Род,,10,+,+,+,+,+,+,+,+,,,+,+,
близко от,Род,близко ото,1,,-,-, устойчивое сочетание (предлог). Исп. в кач-ве наречной группы,-,,-,-,,-,-,-,"МАС: близко – нареч.
НКРЯ: омонимия снята, наречие + предлог"
боком к,Дат,"к dat боком
ко dat боком
боком ко",1,,-,-,-,-,,-,+,,-,-,-,"МАС: боком – нареч.
Вики: боком – нареч."
в,"Вин, Предл",во,10,+,+,+,+,+,+,+,+,,,+,+,
в авангард,Род,,1,,-,-,-,-,,-,+,,-,-,-,
в авангарде,Род,,3,,-,-,Устойчивое сочетание,Устойч. выражение,,-,+,,-,-,-,
в адрес,Род,,8,+,+,-,Устойчивое сочетание,Устойч. выражение,,+,+,,+,+,-,
вблизи,Род,,10,+,+,+,+,+,+,+,+,,,+,+,
вблизи от,Род,вблизи ото,7,+,+,-,-,-,,+,+,+,+,+,-,
в бытность,"Твор, Род",,2,,-,-,-,Устойч. выражение,,-,+,,-,-,-,
вверх по,Дат,,2,,-,-,-,Предложное сочет. с дат. п.,,-,+,,-,-,-,Вики: вверх – нареч.
в видах,Род,,3,,-,-,Устойчивое сочетание,Устойч. выражение,,-,+,,-,-,-,
в виде,Род,,10,+,+,-,"Устойчивое сочетание, исп. в кач-ве предлога",Устойчивое сочетание,,+,+,+,+,+,+,
ввиду,Род,,10,+,+,+,+,+,+,+,+,,,+,+,
в возрасте,Род,,3,,-,-,"Устойчивое сочетание, исп. в кач-ве прилаг.","Устойчивое сочетание, исп. в кач-ве прилаг.",,-,+,,-,-,-,
в глазах,Род,,4,+,+,-,-,Устойчивое сочетание,,-,+,,-,-,-,
в глубине,Род,,1,,-,-,-,-,,+,-,,-,-,-,"Вики: указаны уст. сочетания в глубине веков/души/леса
МАС: указаны уст. сочетания в глубине веков/души/сердца
НКРЯ: омонимия снята, предлог + сущ.; указаны наречные обороты в глубине души/сердца/веков"
в глубь,Род,,5,+,+,+,+,вглубь - наречие,вглубь,,вглубь,,+,вглубь,-,
в границах,Род,,4,,-,-,-,-,,+,+,+,-,+,-,
в границы,Род,,1,,-,-,-,-,,-,-,+,-,-,-,"НКРЯ: омонимия не снята, предлог + сущ."
вдалеке от,Род,вдалеке ото,8,+,+,-,-,Предложное сочет. с род. п.,,+,+,+,+,+,-,Вики: вдалеке – нареч.
вдали от,Род,вдали ото,8,+,+,-,-,Предложное сочет. с род. п.,,+,+,+,+,+,-,Вики: вдали – нареч.
в даль,Род,,0,,-,-,-,-,,-,-,,-,-,-,"НКРЯ: омонимия снята, предлог + сущ."
в деле,Род,,6,+,+,-,-,-,,+,-,+,+,+,-,"НКРЯ: омонимия снята, предлог + сущ."
в дело,Род,,1,,-,-,-,-,,+,-,,-,-,-,"НКРЯ: омонимия снята, предлог + сущ."
вдобавок к,Дат,вдобавок ко,3,+,+,-,-,-,,-,-,+,-,-,-,"МАС: вдобавок – нареч.
Вики: вдобавок – нареч.
НКРЯ: омонимия снята, наречие + сущ."
в довершение,Род,,3,,-,-,-,Устойчивое сочетание,,+,+,,нареч.,-,-,
вдогон,Дат,,4,+,+,-,Нареч. в знач. предлога,нареч.,нареч.,,+,,,-,-,
вдогон за,Твор,,1,,+,-,-,-,,-,-,,-,-,-,"НКРЯ: омонимия не снята, наречие/предлог + предлог"
вдогонку,Дат,,3,+,+,-,нареч.,нареч.,нареч.,в догонку,+,,,-,-,
вдогонку за,Твор,,2,,+,-,-,-,,в догонку за,+,,-,-,-,
вдогоночку,Дат,,1,,+,-,-,-,-,,-,,,-,-,
в доказательство,Род,,2,,-,-,-,-,,+,+,,-,-,-,
в должности,Род,,1,,-,-,-,-,,-,+,,-,-,-,МАС: указано уст. сочетание в должность 
вдоль,Род,,10,+,+,+,+,+,+,+,+,,,+,+,
вдоль по,Дат,,8,+,+,-,"Устойчивое сочетание, исп. в кач-ве предлога",Предложное сочетание,,+,+,+,+,-,-,
в дополнение,Род,,3,,+,-,-,Устойч. сочетание,,+,-,,нареч.,-,-,"НКРЯ: омонимия снята, предлог + сущ."
в дополнение к,Дат,в дополнение ко,3,+,-,-,-,-,,-,+,+,нареч.,-,-,
в духе,Род,,8,+,+,-,-,Устойч. сочетание,,+,+,+,+,+,-,
верхом на,Предл,,1,,-,-,-,-,,-,-,+,-,-,-,"Вики: верхом – нареч.
МАС: верхом – нареч.
НКРЯ: омонимия снята, наречие + предлог"
в завершение,Род,,4,+,+,-,-,-,,+,+,,-,-,-,
в зависимости от,Род,в зависимости ото,9,+,+,-,"Устойчивое сочетание, исп. в кач-ве предлога",Устойч. сочетание,,+,+,+,+,+,-,
в заключение,Род,,8,+,+,-,Устойчивое сочетание,Устойч. сочетание,,+,+,+,+,-,-,
взамен,"Род, Дат",,9,+,+,+,+,+,+,Нареч.,+,,,+,+,Ханко: всего 1 контекст
в замену,"Род, Дат",,2,,-,-,-,-,,+,+,,-,-,-,
в зачёт,"Род, Дат",в зачет,3,,-,-,-,Устойч. сочетание,,+,+,,-,-,-,
в защиту,Род,,1,,-,-,-,-,,-,+,,-,-,-,
в знак,Род,,9,+,+,-,Устойч. сочетание,Устойч. сочетание,,+,+,+,+,+,-,
в интересах,Род,,7,+,+,-,"Устойчивое сочетание, исп. в кач-ве предлога",-,,+,+,,+,+,-,
в ипостаси,Род,,5,,-,-,Устойч. сочетание,Устойч. сочетание,,+,+,,-,+,-,
в исходе,Род,,2,,-,-,-,Устойч. сочетание,,-,+,,-,-,-,
в качестве,Род,,10,+,+,-,"Устойчивое сочетание, исп. в кач-ве предлога",Устойч. сочетание,,+,+,+,+,+,+,
включая,Вин,,9,+,+,+,+,+,+,+,+,,,+,-,
в количестве,Род,,2,,-,-,-,-,,+,+,,-,-,-,
в компании,Род,,1,,-,-,-,-,,-,+,,-,-,-,
в компании с,Твор,в компании со,2,,-,-,-,Устойч. сочетание,,-,+,,-,-,-,
в контраст,Дат,,3,,-,-,-,-,,+,+,,-,+,-,
в конце,Род,,4,,-,-,"Устойчивое сочетание
?",-,,+,+,+,-,-,-,"Вики: нет статьи, но указан как антоним для «в начале»"
в кровь,,,3,,-,-,Устойчивое сочетание,Устойч. сочетание,,-,+,,-,-,-,"МАС: наречный оборот
Вики: ?"
вкруг,Род,,8,+,+,+,+,+,+,,+,,,-,+,
вкупе с,Твор,вкупе со,4,,-,-,Устойчивое сочетание,-,,+,+,+,-,-,-,МАС: вкупе – нареч.
влево от,Род,влево ото,2,,-,-,-,-,,+,+,,-,-,-,"МАС: влево – нареч.
Вики: влево – нареч."
в лице,Род,,8,+,+,-,"Устойчивое сочетание, исп. в кач-ве предлога",Устойч. сочетание,,+,+,+,+,-,-,МАС: предложный оборот
в манере,Род,,1,,-,-,-,-,,-,-,+,-,-,-,"НКРЯ: омонимия снята, предлог + сущ."
в меру,Род,,5,+,+,-,"Устойчивое сочетание, исп. в кач-ве предлога",Устойч. сочетание,,+,-,,нареч.,-,-,"МАС: наречный оборот
НКРЯ: омонимия снята, наречный оборот"
вместе с,Твор,вместе со,8,+,+,-,Устойчивое сочетание,-,,+,+,+,+,+,-,МАС: наречный оборот с предлогом 
вместо,Род,,10,+,+,+,+,+,+,+,+,,,+,+,
в мире,Род,,1,,-,-,-,-,,-,+,,-,-,-,
в направлении,Род,,7,+,+,-,-,-,,+,+,+,+,+,-,
в направлении к,Дат,в направлении ко,6,+,+,-,-,-,,+,-,+,+,+,-,"НКРЯ: омонимия снята, предложный оборот + предлог ?"
в направлении на,Вин,,1,,-,-,-,-,,-,-,+,-,-,-,"НКРЯ: омонимия снята, предложный оборот + предлог ?"
в направлении от,Род,в направлении ото,1,,-,-,-,-,,-,-,+,-,-,-,"НКРЯ: омонимия не снята, предложный оборот + предлог ?"
в нарушение,Род,,5,+,+,-,-,-,,+,+,,+,-,-,
в начале,Род,,4,,-,-,Устойчивое сочетание,-,,+,+,+,-,-,-,
вне,Род,,10,+,+,+,+,+,+,+,+,,,+,+,
вне границ,Род,,4,,-,-,-,-,,+,+,+,-,+,-,
вне зависимости от,Род,вне зависимости ото,6,+,+,-,"Устойчивое сочетание, исп. в кач-ве предлога",-,,+,-,+,+,-,-,"НКРЯ: омонимия снята, предлог + сущ. + предлог"
вне пределов,Род,,4,,-,-,-,-,,+,+,+,-,+,-,
вне рамок,Род,,3,,-,-,-,-,,+,+,,-,+,-,
в нескольких шагах от,Род,в нескольких шагах ото,1,,-,-,-,-,,-,-,+,-,-,-,"МАС: в нескольких шагах – уст. сочет.
НКРЯ: омонимия снята, предлог + числит. + сущ. + предлог"
вне сферы,Род,,3,,-,-,-,-,,+,+,,-,+,-,
вниз по,Дат,,3,,-,-,Предложное сочетание с дат.п.,-,,+,+,,-,-,-,Вики: указаны уст. сочетания вниз по лестнице/течению
внизу,Род,,6,+,-,+,+,+,+,,+,,,-,-,
в ногу с,Твор,в ногу со,1,,-,-,-,-,,-,+,,-,-,-,"МАС: указано уст. сочетание идти/шагать в ногу
Вики: указаны уст. сочетания в ногу, идти в ногу со временем"
внутри,Род,,10,+,+,+,+,+,+,+,+,,,+,+,
внутрь,Род,,9,+,+,+,+,+,+,Нареч.,+,,,+,+,Ханко: всего 1 контекст
в области,Род,,7,+,+,-,-,-,,+,+,+,+,+,-,
в область,Род,,3,,-,-,-,-,,+,+,+,-,-,-,МАС: указано уст. сочетание отойти в область предания (или воспоминаний и т. п.)
в обмен на,Вин,,4,+,+,-,-,-,,+,-,,+,-,-,"НКРЯ: омонимия снята, предлог + сущ. + предлог"
в обнимку с,Твор,в обнимку со,1,,-,-,-,-,,-,-,+,нареч.,-,-,"МАС: в обнимку – уст. сочетание
НКРЯ: омонимия снята, наречный оборот + предлог"
в обстановке,Род,,5,+,+,-,-,-,,+,+,,+,-,-,
в обход,"Род, Дат",,7,+,+,-,Устойч. сочетание,Устойч. сочетание,,+,-,+,+,-,-,"МАС: контексты с предложным оборотом
НКРЯ: омонимия снята, наречный оборот"
во вкусе,Род,,3,,-,-,-,Устойч. сочетание,,-,+,,+,-,-,МАС: контексты с предложным оборотом
во власти,Род,,3,,-,-,-,Устойч. сочетание,,+,+,,-,-,-,МАС: контексты с предложным оборотом
вовнутрь,Род,,7,+,+,-,+,+,+,,+,,,-,+,
во время,Род,,8,+,+,-,"Устойчивое сочетание, исп. в кач-ве предлога",-,,+,-,+,+,+,+,"НКРЯ: омонимия снята, предлог + сущ."
во главе,Род,,8,+,+,-,Устойч. сочетание,Устойч. сочетание,,+,+,+,+,-,-,"МАС: контексты с предложным оборотом
Вики: нет статьи, но указано как во главе (чего-либо)"
во главе с,Твор,во главе со,8,+,+,-,"Устойч. сочетание
?",Устойч. сочетание,,+,+,+,+,-,-,"МАС: контексты с предложным оборотом
Вики: нет статьи, но указано как во главе (с кем-либо)"
в одно время с,Твор,в одно время со,1,,-,-,-,-,,-,-,+,-,-,-,"НКРЯ: омонимия снята, предлог + мс-прил. + сущ. + предлог"
в одном из,Род,"в одном изо
в одной из
в одной изо",1,,-,-,-,-,,-,-,+,-,-,-,"НКРЯ: омонимия снята, предлог + мс-прил. + предлог"
во здравие,Род,,3,,-,-,-,Устойч. сочетание,,+,+,,-,-,-,МАС: наречный оборот
возле,Род,,10,+,+,+,+,+,+,+,+,,,+,+,
в ознаменование,Род,,3,,-,-,-,Устойч. сочетание,,+,+,,-,-,-,"МАС: предложный оборот, но без контекстов"
во избежание,Род,,8,+,+,-,Устойч. сочетание,Устойч. сочетание,,+,+,,+,-,+,"МАС: предложный оборот, но без контекстов"
во изменение,Род,,4,+,+,-,-,-,,+,+,,-,-,-,
во имя,Род,,9,+,+,-,"Устойчивое сочетание, исп. в кач-ве предлога",Устойч. сочетание,,+,+,+,+,+,-,МАС: предложный оборот
во исполнение,Род,,2,+,+,-,-,-,,-,-,,-,-,-,"НКРЯ: омонимия снята, предлог + сущ."
вокруг,Род,,10,+,+,+,+,+,+,+,+,,,+,+,
в окружении,Род,,5,,-,-,-,Сочетание в знач. предлога,,+,+,+,+,-,-,
вопреки,Дат,,10,+,+,+,+,+,+,+,+,,,+,+,
во славу,Род,,7,+,+,-,Устойчивое сочетание (предлог),Устойч. сочетание,,+,+,,+,-,-,МАС: предложный оборот ?
в ответ на,Вин,,6,+, +,-,-,-,,+,-,+,+,+,-,"Вики: указано уст. сочетание в ответ
МАС: указано уст. сочетание в ответ
НКРЯ: омонимия снята, наречный оборот + предлог"
в отдалении от,Род,в отдалении ото,3,+,+,-,-,Предлог В во составе наречн. сочетания,,-,-,,-,-,-,"НКРЯ: омонимия снята, наречный оборот + предлог"
в отличие от,Род,в отличие ото,10,+,+,-,"Устойчивое сочетание, исп. в кач-ве предлога",Устойч. сочетание,,+,+,+,+,+,+,МАС: предложный оборот
в отмену,Род,,2,,-,-,-,Устойч. сочетание,,-,+,,-,-,-,МАС: предложный оборот
в отношении,Род,,10,+,+,-,"Устойчивое сочетание, исп. в кач-ве предлога",Сочетание в знач. предлога,,+,+,+,+,+,+,
в отношении к,Дат,в отношении ко,4,,-,-,+,+,,-,-,+,+,-,-,"НКРЯ: омонимия снята, предложный оборот + предлог"
в отрыве от,Род,в отрыве ото,4,,-,-,"В отрыве: Устойчивое сочетание, исп. в кач-ве предлога",Устойч. сочетание,,-,+,,+,-,-,МАС: предложный оборот
в отсутствие,Род,,3,,-,-,Устойчивое сочетание,Устойч. сочетание,,-,+,,-,-,-,"МАС: предложный ? оборот, разрывное"
в память,"Род, Дат",,6,+,+,-,-,-,,+,+,+,+,-,-,
в память о,Предл,"в память об
в память обо",4,,+,-,-,-,,+,+,+,-,-,-,
в пандан,Дат,,3,,+,-,"Устойчивое сочетание, исп. в кач-ве предлога","В пандан к:
Устойч. сочетание",,-,-,,-,-,-,"НКРЯ: омонимия снята, наречный оборот"
впереди,Род,,9,+,+,+,+,+,+,Нареч.,+,,,+,+,Ханко: контексты только с наречием 
вперёд,Род,вперед,6,+,+,+,-,Нареч. в знач. предлога,+,Нареч.,+,,,-,-,Ханко: контексты только с наречием 
в плане,Род,,6,+,+,-,-,-,,+,+,+,+,-,-,
вплотную к,Дат,вплотную ко,3,,+,-,-,-,,+,+,,-,-,-,"Вики: вплотную – нареч.
МАС: вплотную – нареч."
вплоть до,Род,,10,+,+,-,"Устойчивое сочетание, исп. в кач-ве предлога",Предложное сочетание с наречием,,+,+,+,+,+,+,
вплоть к,Дат,вплоть ко,2,,-,-,-,-,,-,+,+,-,-,-,
вплоть у,Род,,1,,-,-,-,-,,-,-,+,-,-,-,"НКРЯ: омонимия не снята, наречие + предлог"
в подтверждение,Род,,2,,-,-,-,-,,-,+,+,нареч.,-,-,НКРЯ: приведён в списке наречных оборотов с примечанием «Также может выступать в функции предлога»
в поле,Род,,1,,-,-,-,-,,+,-,,-,-,-,"НКРЯ: омонимия снята, предлог + сущ."
в пользу,Род,,9,+,+,-,"Устойчивое сочетание, исп. в кач-ве предлога",Устойч. сочетание,,+,+,+,+,+,-,"МАС: предложный оборот, разрывное"
в порядке,Род,,9,+,+,-,"Устойчивое сочетание, исп. в кач-ве предлога",Сочетание в знач. предлога,,+,+,+,+,+,-,
вправо от,Род,вправо ото,2,,-,-,-,-,,+,+,,-,-,-,"МАС: вправо – нареч.
Вики: вправо – нареч."
в предвидении,Род,в предвиденье,5,+,+,-,-,-,,+,+,,+,-,-,
в предвижении,Род,в предвиженье,1,,-,-,-,-,,+,-,,,-,-,
в предвкушении,Род,в предвкушенье,5,+,+,-,-,-,,+,+,,+,-,-,
в преддверии,Род,"в преддверие
в преддверье
в преддверьи",7,+,+,-,"Устойчивое сочетание, исп. в кач-ве предлога",-,,+,+,+,+,-,-,
в пределах,Род,,5,,+,-,-,-,,+,+,+,-,+,-,
в пределы,Род,,1,,+,-,-,-,,-,-,,-,-,-,"НКРЯ: омонимия снята, предлог + сущ"
впредь до,Род,,8,+,+,-,"Устойчивое сочетание, исп. в кач-ве предлога",Устойч. сочетание ,,+,+,,+,+,-,МАС: предложный оборот
в придачу к,Дат,в придачу ко,1,,-,-,-,-,,-,-,+,нареч.,-,-,"МАС: в придачу – уст. сочетание
Вики: в придачу - устойчивое сочетание, исп. в кач-ве наречия 
НКРЯ: омонимия снята, наречный оборот + предлог"
в приложение к,Дат,в приложение ко,1,,-,-,-,-,,+,-,,-,-,-,"НКРЯ: омонимия не снята, предлог + сущ. + предлог"
в применении к,Дат,в применении ко,3,,-,-,-,Сочетание в знач. предлога,,+,+,,-,-,-,
в присутствии,Род,,3,+,+,-,-,-,,-,-,+,-,-,-,"НКРЯ: омонимия снята, предлог + сущ."
в продолжение,Род,в продолженье,9,+,+,-,"Устойчивое сочетание, исп. в кач-ве предлога",Сочетание в знач. предлога,,+,+,+,+,+,-,
в противность,Дат,,3,+,-,-,-,Сочетание в знач. предлога,,-,+,,-,-,-,
в противовес,Дат,,7,+,+,-,-,Сочетание в знач. предлога,,+,+,,+,+,-,
в противоположность,Дат,,7,+,+,-,-,Сочетание в знач. предлога,,+,+,,+,+,-,
в процессе,Род,,7,+,+,-,-,Устойч. сочетание,,+,+,+,+,-,-,МАС: предложный оборот
вразрез,Дат,,4,+,+,-,"Нареч., также предлог",нареч.,Нареч.,Нареч.,+,,,-,-,
в разгар,Род,,1,,-,-,-,-,,-,+,,-,-,-,
в размере,Род,,1,,-,-,-,-,,-,+,,-,-,-,
в разрезе,Род,,4,+,+,-,Устойч. сочетание,Устойч. сочетание,,-,-,,-,-,-,"МАС: предложный оборот
НКРЯ: омонимия снята, предлог + сущ."
в районе,Род,,6,+,+,-,Устойч. сочетание,-,,+,+,,-,+,-,
в рамках,Род,,8,+,+,-,Устойч. сочетание,-,,+,+,+,+,+,-,
в рамки,Род,,3,,+,-,-,-,,+,+,,-,-,-,
в ранге,Род,,1,,-,-,-,-,,-,-,+,-,-,-,"НКРЯ: омонимия снята, предлог + сущ."
в распоряжение,"Род, Дат",,2,,-,-,-,Устойч. сочетание,,-,+,,-,-,-,МАС: предложный оборот
в распоряжении,Род,,3,,-,-,-,Устойч. сочетание,,+,+,,-,-,-,МАС: предложный оборот
в рассуждении,Род,,4,+,-,-,-,Устойч. сочетание,,+,+,,-,-,-,МАС: предложный оборот
в расчёте на,Вин,в расчете на,7,+,+,-,Устойч. сочетание,-,,+,+,+,+,-,-,
в результате,Род,,8,+,+,-,"Устойчивое сочетание, исп. в кач-ве предлога",Сочетание в знач. предлога,,+,-,+,+,+,-,"НКРЯ: омонимия снята, наречный оборот"
вровень с,Твор,вровень со,4,,-,-,-,Нареч.,,+,+,+,-,+,-,Вики: вровень – нареч.
вроде,Род,,10,+,+,+,+,+,+,+,+,,,+,+,
в роли,Род,,9,+,+,-,"Устойчивое сочетание, исп. в кач-ве предлога",Устойч. сочетание,,+,+,+,+,+,-,МАС: предложный оборот
в русле,Род,,1,,-,-,-,-,,-,+,,-,-,-,
в ряде,Род,,1,,-,-,-,-,,-,+,,-,-,-,
в ряду,Род,,7,+,+,-,-,Устойч. сочетание,,+,+,+,+,-,-,МАС: предложный оборот
в ряду с,Твор,в ряду со,1,,-,-,-,-,,-,-,+,-,-,-,"НКРЯ: омонимия снята, предлог + сущ. + предлог"
в свете,Род,,9,+,+,-,Устойчивое сочетание,Устойч. сочетание,,+,+,+,+,+,-,МАС: предложный оборот
в связи с,Твор,в связи со,10,+,+,-,"Устойчивое сочетание, исп. в кач-ве предлога",Устойч. сочетание,,+,+,+,+,+,+,МАС: предложный оборот
в середине,Род,,5,,-,-,Устойчивое сочетание,"?
Устойч. сочетание",,+,+,+,-,-,-,МАС: указано наречное уст. сочетание в середине
в силу,Род,,9,+,+,-,"Устойчивое сочетание, исп. в кач-ве предлога",Устойч. сочетание,,+,+,+,+,+,-,МАС: предложный оборот
вслед,Дат,вослед,8,+,+,+,+,Нареч. в знач. предлога,+,Нареч.,+,,,+,-,Ханко: 1 контекст
вслед за,Твор,вослед за,9,+,+,-,"Устойчивое сочетание, исп. в кач-ве наречной группы",Предложное сочетание с предлогом ЗА,,+,+,+,+,+,-,Вики: указан в категории Русские предлоги
вследствие,Род,,10,+,+,+,+,+,+,+,+,,,+,+,
в случае,Род,,9,+,+,-,"Устойчивое сочетание, исп. в кач-ве предлога",Устойч. сочетание,,+,+,+,+,+,-,МАС: предложный оборот
в смысле,Род,,8,+,+,-,"Устойчивое сочетание, исп. в кач-ве предлога",Устойч. сочетание,,+,+,,+,+,-,МАС: предложный оборот
в согласии,Род,,1,,+,-,-,-,,-,-,,-,-,-,"НКРЯ: омонимия снята, предлог + сущ."
в согласии с,Твор,в согласии со,5,+,-,-,-,Устойч. сочетание,,+,+,,-,+,-,МАС: предложный оборот
в содружестве с,Твор,в содружестве со,2,,-,-,-,-,,+,-,,-,+,-,"НКРЯ: омонимия снята, предлог + сущ. + предлог"
в сообществе,Род,,3,,-,-,-,В сообществе с кем: устойч. сочетание,,+,+,,-,-,-,
в сообществе с,Твор,в сообществе со,3,+,-,-,-,Устойч. сочетание,,-,-,-,-,+,-,
в соответствии с,Твор,в соответствии со,10,+,+,-,"Устойчивое сочетание, исп. в кач-ве предлога",Сочетание в знач. предлога,,+,+,+,+,+,+,
в сопоставлении с,Твор,в сопоставлении со,2,+,-,-,-,-,,-,-,+,-,-,-,"НКРЯ: омонимия снята, предлог + сущ. + предлог"
в сопровождении,Род,в сопровожденье,8,+,+,-,-,Устойч. сочетание,,+,+,+,+,+,-,МАС: предложный оборот
в составе,Род,,5,+,+,-,Устойч. сочетание,Устойч. сочетание,,-,+,,-,-,-,МАС: предложный оборот
в сочетании с,Твор,в сочетании со,1,,-,-,-,-,,+,-,,-,-,-,"НКРЯ: омонимия снята, предлог + сущ. + предлог"
в сравнении с,Твор,"в сравнении со
в сравненье с
в сравненье со",7,,+,-,-,Устойч. сочетание,,+,+,+,+,+,-,МАС: предложный оборот ?
в стенах,Род,,1,,-,-,-,-,,-,+,,-,-,-,
в стиле,"Им, Род",,1,,-,-,-,-,,-,-,+,-,-,-,"НКРЯ: омонимия снята, предлог + сущ."
в стороне,Род,,4,,-,-,"Устойч. сочетание, исп. в кач-ве наречия или предлога",Устойч. сочетание,,-,+,-,Нареч./сочетание сущ. с предлогом,-,-,"НКРЯ: приведён в списке наречных оборотов с примечанием «Также может выступать в функции предлога»
МАС: наречный оборот
Ханко: 1 контекст, как часть предлога в стороне от"
в стороне от,Род,в стороне ото,8,,+,-,Устойч. сочетание ?,Предлог В во составе наречн. сочетания,,+,+,+,+,+,-,"Вики: есть указание на странице статьи в стороне, но нет самой статьи в стороне от"
в сторону,Род,,9,+,+,-,Устойч. сочетание,Предлог В во составе наречн. сочетания,,+,+,+,+,+,-,НКРЯ: приведён в списке наречных оборотов с примечанием «Также может выступать в функции предлога»
в сторону от,Род,в сторону ото,2,,-,-,-,-,,-,-,+,-,+,-,"НКРЯ: омонимия снята, наречный оборот + предлог ?"
встречу,Дат,,3,,-,-,+,+,-,,+,,,-,-,Ханко: контексты только с сущ.
в сумме,Род,,1,,-,-,-,-,,-,+,,-,-,-,
в супряге с,Твор,в супряге со,2,,-,-,-,Устойч. сочетание,,-,+,,-,-,-,МАС: предложный оборот
в сфере,Род,,6,+,+,-,-,-,,+,+,+,-,+,-,
в счёт,Род,в счет,8,+,+,-,Устойч. сочетание,Устойч. сочетание,,+,+,+,+,-,-,МАС: предложный оборот
в темпе,Род,,3,,-,-,"Устойчивое сочетание, исп. в кач-ве наречной группы",Устойч. сочетание,,-,+,-,Нареч.,-,-,"НКРЯ: приведён в списке наречных оборотов с примечанием «Также может выступать в функции предлога»
МАС: наречный оборот"
в течение,Род,,10,+,+,-,"Устойчивое сочетание, исп. в кач-ве предлога",Сочетание в знач. предлога,,+,+,+,+,+,+,
в тон,"Род, Дат",,2,,-,-,-,Устойч. сочетание,,-,+,,-,-,-,МАС: предложный оборот
в торце,Род,,1,,-,-,-,-,,-,+,,-,-,-,
в угодность,Дат,,3,,-,-,"Устойчивое сочетание, исп. в кач-ве наречной группы",Устойч. сочетание,,-,+,,-,-,-,МАС: предложный оборот
в угоду,Дат,,5,+,+,-,-,Устойч. сочетание,,-,+,,-,-,+,МАС: предложный оборот
в угон,Дат,,2,,-,-,-,Устойч. сочетание,,-,+,,-,-,-,МАС: наречный оборот ?
в унисон с,Твор,в унисон со,4,+,-,-,-,? Устойч. сочетание,,+,-,,нареч.,+,-,"МАС: указано наречное уст. сочетание в унисон, значение 2 идёт с предлогом С
НКРЯ: омонимия не снята, наречный оборот + предлог"
в уровень с,Твор,в уровень со,4,,-,-,-,Устойч. сочетание,,+,+,,-,+,-,МАС: предложный оборот ?
в условиях,Род,,7,+,+,-,-,-,,+,+,+,+,+,-,
в ущерб,Дат,,8,+,+,-,"Устойчивое сочетание, исп. в кач-ве предлога",Устойч. сочетание,,+,+,+,+,-,-,МАС: предложный оборот
в форме,Род,,6,+,+,-,"Устойчивое сочетание, исп. в кач-ве прилаг. или наречия",Устойч. сочетание,,-,+,+,-,-,-,МАС: наречный оборот
в характере,Род,,2,,-,-,-,Устойч. сочетание,,-,+,,-,-,-,МАС: наречный оборот ?
в ходе,Род,,9,+,+,-,Устойч. сочетание,-,,+,+,+,+,+,+,
в целях,Род,,9,+,+,-,"Устойчивое сочетание, исп. в кач-ве предлога",Устойч. сочетание,,+,+,+,+,+,-,МАС: предложный оборот
в части,Род,,4,,-,-,Устойчивое сочетание,Устойч. сочетание,,-,+,+,-,-,-,МАС: предложный оборот
в честь,Род,,8,+,+,-,Устойчивое сочетание (предлог),Устойч. сочетание,,+,+,,+,+,-,МАС: предложный оборот
в числе,Род,,7,+,+,-,Устойчивое сочетание,-,,+,+,+,+,-,-,
в число,Род,,3,+,+,-,-,-,,-,-,+,-,-,-,"НКРЯ: омонимия снята, предлог + сущ."
в шаге от,Род,в шаге ото,1,,-,-,-,-,,-,+,,-,-,-,
выключая,Род,,4,,-,-,+,Деепр. в знач. предлога,+,,+,,,-,-,
выше,Род,,8,+,+,+,Прил. или нареч.,+,+,+,+,,,-,+,
глядя на,Вин,,2,,-,-,-,-,,+,+,,-,-,-,"Вики: глядя – дееприч.
МАС: глядя – дееприч."
глядя по,Дат,,4,,-,-,-,Устойч. сочетание,,+,+,,-,+,-,"Вики: глядя – дееприч.
МАС: предложный оборот"
далеко за,Вин,,2,,-,-,-,Нареч.,,+,+,,-,-,-,Вики: далеко – нареч.
для,Род,,10,+,+,+,+,+,+,+,+,,,+,+,
для создания,Род,,1,,-,-,-,-,,-,-,+,-,-,-,"НКРЯ: омонимия снята, предлог + сущ."
для-ради,Род,,3,,-,-,+,-,-,+,+,,,-,-,без дефиса в НКРЯ
до,Род,,10,+,+,+,+,+,+,+,+,,,+,+,
за,"Вин, Твор",,10,+,+,+,+,+,+,+,+,,,+,+,
за вычетом,Род,,4,,-,-,"Устойчивое сочетание, исп. в кач-ве предлога",Устойч. сочетание,,+,+,,-,-,-,МАС: предложный оборот ?
за границами,Род,,2,,-,-,-,-,,-,+,+,-,-,-,
за границей,Род,,4,,-,-,"Устойчивое сочетание, исп. в кач-ве наречия",Устойч. сочетание,,Нареч.,+,-,Сочетание сущ. с предлогом ,-,-,"НКРЯ: приведён в списке наречных оборотов с примечанием «Также может выступать в функции предлога»
МАС: наречный оборот
Ханко: 2 контекста, наречное употребление"
за границу,Род,,4,,-,-,Устойч. сочетание,Устойч. сочетание,,Нареч.,+,-,Сочетание сущ. с предлогом,-,-,"НКРЯ: приведён в списке наречных оборотов с примечанием «Также может выступать в функции предлога»
МАС: наречный оборот
Ханко: 7 контекстов, среди них один в предложном употреблении"
за границы,Род,,2,,-,-,-,-,,-,+,+,-,-,-,
задолго до,Род,,2,,-,-,-,? Устойч. сочетание,,-,+,,-,-,-,"Вики: задолго – нареч.
МАС: задолго – нареч."
за исключением,Род,,10,+,+,-,"Устойчивое сочетание, исп. в кач-ве предлога",Устойч. выражение в знач. предлога,,+,+,+,+,+,+,
заместо,Род,замест,6,,-,+,+,+,+,,+,,,-,+,
за недостаточностью,Род,,1,,+,-,-,-,,-,-,,-,-,-,"НКРЯ: омонимия снята, предлог + сущ."
за неимением,Род,,4,,+,-,-,Устойч. сочетание с предлогом ЗА,,-,+,+,-,-,-,
за ненадобностью,Род,,1,,+,-,-,-,,-,-,,нареч.,-,-,"НКРЯ: указан как наречный оборот; в части, где омонимия не снята, встречается предложное употребление"
за пределами,Род,,3,,+,-,-,-,,-,+,+,-,-,-,
за пределы,Род,,1,,+,-,-,-,,-,-,,-,-,-,"НКРЯ: омонимия снята, предлог + сущ."
за-ради,Род,,1,-,-,-,-,-,-,-,+,,-,-,-,
за рамками,Род,,1,,+,-,-,-,,-,-,,-,-,-,"НКРЯ: омонимия снята, предлог + сущ."
за рамки,Род,,1,,+,-,-,-,,-,-,,-,-,-,"НКРЯ: омонимия снята, предлог + сущ."
за рубеж,Род,,2,,-,-,Устойч. сочетание,-,,Нареч.,+,-,Нареч.,-,-,"НКРЯ: приведён в списке наречных оборотов с примечанием «Также может выступать в функции предлога»
Ханко: 2 контекста, наречное употребление
Вики: есть указание на странице статьи зарубеж, но нет самой статьи за рубеж"
за рубежом,Род,,3,,-,-,"Устойчивое сочетание, исп. в кач-ве наречия",Устойч. сочетание,,Нареч.,+,-,Нареч.,-,-,"НКРЯ: приведён в списке наречных оборотов с примечанием «Также может выступать в функции предлога»
Ханко: 1 контекст, нарчное употребление
МАС: наречный оборот"
за счёт,Род,за счет,8,+,+,-,"Устойчивое сочетание, исп. в кач-ве предлога",Устойч. сочетание,,+,+,+,+,-,-,МАС: предложный оборот
за убылью,Род,,1,,+,-,-,-,,-,-,,-,-,-,"НКРЯ: омонимия не снята, предлог + сущ."
из,Род,изо,10,+,+,+,+,+,+,+,+,,,+,+,
из-за,Род,,10,+,+,+,+,+,+,+,+,,,+,+,
изнутри,Род,,6,+,-,+,"Нареч., также предлог",нареч.,+,Нареч.,+,,,-,+,Ханко: 1 контекст
из области,Род,,1,,-,-,-,-,,-,-,+,-,-,-,"НКРЯ: омонимия снята, предлог + сущ."
из-под,Род,из-подо,10,+,+,+,+,+,+,+,+,,,+,+,
из пределов,Род,,1,,+,-,-,-,,-,-,,-,-,-,"НКРЯ: омонимия снята, предлог + сущ."
из рамок,Род,,1,,+,-,-,-,,-,-,,-,-,-,"НКРЯ: омонимия не снята, предлог + сущ."
из расчёта,Им,из расчета,3,,-,-,"Устойчивое сочетание, исп. в кач-ве наречия",Устойч. сочетание,,-,+,,-,-,-,МАС: ?
из среды,Род,,2,,-,-,-,-,,+,+,,-,-,-,
из числа,Род,,2,+,+,-,-,-,,-,-,,-,-,-,"НКРЯ: омонимия снята, предлог + сущ."
именем,Род,,4,+,-,-,Устойчивое сочетание,Устойч. сочетание,-,-,+,,,-,-,МАС: предложный оборот ?
имени,Род,,3,+,-,-,-,Устойч. сочетание,-,-,+,,,-,-,МАС: предложный оборот ?
исключая,Вин,,7,+,+,+,+,+,+,Деепр.,+,,,-,-,Ханко: 1 контекст
исходя из,Род,исходя изо,7,+,+,-,"Устойчивое сочетание, исп. в кач-ве предлога",-,,+,+,,+,+,-,
к,Дат,ко,10,+,+,+,+,+,+,+,+,,,+,+,
касаемо,Род,,6,+,+,-,+,+,+,,+,,,-,-,
касательно,Род,,9,+,+,+,+,+,+,,+,,,+,+,
к довершению,Род,,2,,-,-,-,Устойч. сочетание,,-,+,,-,-,-,МАС: предложный оборот
к концу,Род,,1,,-,-,-,-,,-,-,+,-,-,-,"НКРЯ: омонимия снята, предлог + сущ."
к началу,Род,,1,,-,-,-,-,,-,-,+,-,-,-,"НКРЯ: омонимия снята, предлог + сущ."
ко времени,Род,,2,,-,-,-,Устойч. сочетание,,-,+,,-,-,-,"МАС: наречный оборот
НКРЯ: приведён в списке наречных оборотов с примечанием «Также может выступать в функции предлога»"
кончая,Твор,,6,+,+,-,+,+,GRND,,+,,,+,-,
кроме,Род,,9,+,+,+,+,+,+,+,+,,,-,+,
кругом,Род,,6,+,-,+,"Наречие, также предлог",+,+,Нареч.,+,,,-,-,Ханко: 2 контекста
к середине,Род,,1,,-,-,-,-,,-,-,+,-,-,-,"НКРЯ: омонимия снята, предлог + сущ."
к чести,Род,,2,,-,-,-,Устойч. сочетание,,-,+,,-,-,-,МАС: предложный оборот
к числу,Род,,2,+,+,-,-,-,,-,-,,-,-,-,"НКРЯ: омонимия снята, предлог + сущ."
левее от,Род,левее ото,1,,-,-,-,-,,+,-,,-,-,-,"МАС: лево – нареч.
НКРЯ: омонимия не снята, нареч. + предлог"
лицом к,Дат,"лицом ко
к dat лицом
ко dat лицом",3,,-,-,"Устойчивое сочетание, исп. в кач-ве наречия",Устойч. сочетание,,-,+,,-,-,-,МАС: предложный оборот ?
лицом к лицу с,Твор,лицом к лицу со,1,,-,-,"Устойчивое сочетание, исп. в кач-ве предлога",-,,-,-,,-,-,-,"МАС: лицом к лицу – наречное уст. сочетание
НКРЯ: омонимия снята, наречный оборот + предлог"
меж,"Род, Твор",,10,+,+,+,+,+,+,+,+,,,+,+,
между,"Род, Твор",меж ?,10,+,+,+,+,+,+,+,+,,,+,+,
мимо,Род,,10,+,+,+,+,+,+,+,+,,,+,+,
минус,Им,,5,,-,+,"Сущ., исп. в кач-ве предлога",сущ.,+,,+,,,-,+,
на,"Вин, Предл",,10,+,+,+,+,+,+,+,+,,,+,+,
на базе,Род,,6,+,+,-,Сочетание предлога с сущ. в знач. предлога,-,,+,-,+,+,-,-,"НКРЯ: омонимия снята, предлог + сущ."
на благо,"Род, Дат",,6,+,+,-,"Устойчивое сочетание, исп. в кач-ве предлога",-,,+,+,,+,-,-,
на виду у,Род,,2,,-,-,"Устойчивое сочетание, исп. в кач-ве предлога",Наречное сочетание,,-,-,,нареч.,-,-,"НКРЯ: омонимия снята, наречный оборот + предлог"
наверху,Род,,3,+,-,adv,"наречие, также предлог",Нареч.,Нареч.,Нареч.,-,,,+,-,"Ханко: 1 контекст
НКРЯ: омонимия снята, наречие"
на волне,Род,,1,,-,-,-,-,,-,+,,-,-,-,
на время,Род,,3,,-,-,Устойч. сочетание,Устойч. сочетание,,Нареч.,+,-,Нареч./сочетание сущ. с предлогом,-,-,"НКРЯ: приведён в списке наречных оборотов с примечанием «Также может выступать в функции предлога»
МАС: наречный оборот
Ханко: 4 контекста, наречное употребление"
навроде,Род,,3,,-,+,+,-,+,,-,,,-,-,"НКРЯ: омонимия не снята, сущ.?!"
навстречу,Дат,,5,+,-,-,+,Нареч. в знач. предлога,Нареч.,Нареч.,+,,,+,-,Ханко: 3 контекста
на глазах,Род,,2,,-,-,-,Устойч. сочетание,,-,+,,-,-,-,
на глазах у,Род,,5,+,+,-,"Устойчивое сочетание, исп. в кач-ве предлога",Устойч. сочетание,,-,+,,-,-,-,МАС: предложный оборот
на грани,Род,,7,+,+,-,Устойч. сочетание,Устойч. сочетание,,+,+,,+,-,-,МАС: предложный оборот ?
над,Твор,надо,10,+,+,+,+,+,+,+,+,,,+,+,
на дело,Род,,1,,-,-,-,-,,+,-,,-,-,-,"НКРЯ: омонимия снята, предлог + сущ."
назад,Вин,,3,,-,adv,+,Нареч.,Нареч.,Нареч.,+,,,-,+,
назади,Род,,3,+,-,-, нареч. также предлог,Нареч.,Нареч.,,+,,,-,-,
назло,Дат,,1,,-,-,"Нареч., предлог, послелог",Нареч.,Нареч.,-,-,,,-,-,"Ханко: нет контекстов
НКРЯ: наречие"
на имя,Род,,8,+,+,-,Устойч. сочетание,Устойч. сочетание,,+,+,+,+,-,-,МАС: предложный оборот
наискосок от,Род,наискосок ото,2,,-,-,-,-,,+,+,,-,-,-,"Вики: наискосок – нареч.
МАС: наискосок – нареч."
наискось от,Род,наискось ото,2,,-,-,-,-,,+,+,,-,-,-,"Вики: наискось – нареч.
МАС: наискось – нареч."
на исходе,Род,,2,,-,-,-,Устойч. сочетание,,-,+,-,Нареч.,-,-,"НКРЯ: приведён в списке наречных оборотов с примечанием «Также может выступать в функции предлога»
МАС: предложный оборот"
накануне,Род,,10,+,+,+,"Наречие, также предлог",+,+,+,+,,,+,+,
на краю,Род,,1,,-,-,-,-,,-,-,+,-,-,-,"МАС: указаны уст. сочетания на краю света/земли
Вики: указаны уст. сочетания на краю гибели/могилы / пропасти
НКРЯ: омонимия снята, предлог + сущ.; указаны наречные обороты на краю гроба/земли/могилы/света "
налево от,Род,налево ото,2,,-,-,-,-,,+,+,,-,-,-,"Вики: налево – нареч.
МАС: налево – нареч."
на манер,Род,,7,+,+,-,Белорус.: Сочетание предлога с сущ. в знач. предлога,Устойч. сочетание с предлогом НА,,+,+,,+,-,-,
на месте,Род,,3,,-,-,Устойчивое сочетание,Устойч. сочетание,,-,+,,нареч.,-,-,МАС: наречный + предложный оборот ?
наместо,Род,,3,,-,-,+,Нареч.,+,,+,,,-,-,
на начало,Род,,1,,-,-,-,-,,-,+,,-,-,-,
на ниве,Род,,1,,-,-,-,-,,-,+,,-,-,-,
на основании,Род,,7,+,+,-,-,Устойч. сочетание,,+,+,,+,+,-,МАС: предложный оборот
на основе,Род,,7,+,+,-,-,Устойч. сочетание,,+,+,+,+,-,-,МАС: предложный оборот
на переднем крае,Род,,1,,-,-,-,-,,-,+,,-,-,-,МАС: передний край – уст. сочетание
наперекор,Дат,,9,+,+,+,"Наречие, также предлог",+,+,,+,,,+,+,
наперерез,Дат,,4,+,+,-,"Наречие, также предлог",Нареч. в знач. предлога,Нареч.,,Нареч.,,,-,-,НКРЯ: омонимия снята
наперехват,Дат,,2,+,-,-,+,Нареч.,Нареч.,,Нареч.,,,-,-,НКРЯ: омонимия не снята в контекстах с предложным употреблением
наподобие,Род,наподобье,9,+,+,+,+,+,+,,+,,,+,+,
на порог,Род,,1,,-,-,-,-,,-,+,,-,-,-,
на пороге,Род,,2,,-,-,-,Устойч. сочетание,,-,+,,-,-,-,МАС: наречный оборот
на потребу,"Род, Дат",,1,,-,-,-,-,,-,+,,-,-,-,
на почве,Род,,8,+,+,-,Устойч. сочетание,Устойч. сочетание,,+,+,+,+,-,-,МАС: предложный оборот
на правах,Род,,6,+,+,-,-,Устойч. сочетание,,+,+,,+,-,-,МАС: предложный оборот
направо от,Род,направо ото,3,,-,-,Устойч. сочетание,-,,+,+,,-,-,-,"Вики: единственное из подобных словосочетаний, указанное как устойчивое
МАС: направо - наречие"
на пределе,Род,,2,,-,-,-,Устойч. сочетание,,-,+,-,-,-,-,"НКРЯ: приведён в списке наречных оборотов с примечанием «Также может выступать в функции предлога»
МАС: наречный оборот"
на предмет,Род,,8,+,+,-,"Устойчивое сочетание, исп. в кач-ве предлога",Сочетание в знач. предлога,,+,+,,+,+,-,
на примере,Род,,1,,-,-,-,-,,-,+,,-,-,-,
напротив,Род,,10,+,+,+,"Наречие, также предлог",+,+,+,+,,,+,+,
на протяжении,Род,на протяженьи,9,+,+,-,Устойч. сочетание,Сочетание в знач. предлога,,+,+,+,+,+,-,
на пути,Род,,7,+,+,-,-,? Устойч. сочетание,,+,+,,+,+,-,МАС: с предлогом К
на пути к,Дат,на пути ко,6,+,+,-,-,Устойч. сочетание,,+,-,,+,+,-,"МАС: предложный оборот
НКРЯ: омонимия снята, предлог + сущ. + предлог"
на путях,Род,,4,+,+,-,-,-,,+,-,,+,-,-,"НКРЯ: омонимия снята, предлог + сущ."
на путях к,Дат,на путях ко,4,+,+,-,-,-,,+,-,,+,-,-,"НКРЯ: омонимия не снята, предлог + сущ. + предлог"
наравне с,Твор,наравне со,10,+,+,-,Нареч. + предлог,Нареч. + предлог,,+,+,+,+,+,+,
на радость,"Род, Дат",,5,+,+,-,-,-,,+,+,,+,-,-,
на расстоянии,Род,,3,,-,-,Устойч. сочетание,Устойч. сочетание,,-,+,-,-,-,-,"НКРЯ: приведён в списке наречных оборотов с примечанием «Также может выступать в функции предлога»
МАС: наречное употребление
Вики: нет статьи, но есть для на расстояньи (наречная группа)"
наряду с,Твор,наряду со,8,+,+,-,"Устойчивое сочетание, исп. в кач-ве предлога",Нареч. + предлог,,+,+,,+,+,-,
на случай,Род,,6,+,+,-,-,Устойч. сочетание,,+,+,,+,-,-,МАС: предложный + наречный оборот
на смену,Дат,,7,+,+,-,Устойчивое сочетание,Устойч. сочетание,,+,+,,+,-,-,МАС: предложный оборот
на срок,Род,,2,,-,-,-,Устойч. сочетание,,-,+,,-,-,-,МАС: наречный оборот
на стороне,Род,,7,+,+,-,Устойч. сочетание,? Устойч. сочетание,,+,+,,+,-,-,"МАС: указано уст. сочетание быть на стороне(чего)
НКРЯ: приведён в списке наречных оборотов с примечанием «Также может выступать в функции предлога»"
на страже,Род,,2,,-,-,-,Устойч. сочетание,,-,+,,-,-,-,МАС: указаны уст. сочетания быть/стоять на страже (чего) + наречное сочетание на страже
насупротив,Род,,8,+,+,-,"Наречие, также предлог",+,+,,+,,,-,+,
насчёт,Род,насчет,8,+,+,+,+,+,+,+,+,,,-,-,
на счету,Род,,4,,-,-,"Устойчивое сочетание, исп. в кач-ве наречия",? Устойч. сочетание,,+,+,,-,-,-,МАС: указаны уст. сочетания быть/иметь на счету
на тему,Род,,1,,-,-,-,-,,-,+,,-,-,-,
на уровне,Род,,3,+,+,-,-,? Устойч. сочетание,,-,-,,-,-,-,"Вики: указано уст. сочетание (быть) на уровне
МАС: указаны уст. сочетания быть/ находиться на уровне
НКРЯ: омонимия снята, предлог + сущ."
на фоне,Род,,2,+,+,-,-,-,,-,-,,-,-,-,"НКРЯ: омонимия снята, предлог + сущ."
начиная,,,4,+,+,-,-,-,GRND,-,+,,-,+,-,МАС: в сочетании с предлогами «с» или «от»
начиная от,Род,начиная ото,6,+,+,-,-,Сочетание предлогов,,+,+,,+,-,-,
начиная с,Род,начиная со,9,+,+,-,"Устойчивое сочетание, исп. в кач-ве предлога",Сочетание предлогов,,+,+,+,+,+,-,
не без,Род,,7,+,+,-,"Устойчивое сочетание, исп. в кач-ве предлога",Сочетание с предлогом,,+,+,,+,-,-,
невдалеке от,Род,невдалеке ото,7,+,+,-,-,Предложное сочетание с предлогом ОТ,,+,+,,+,+,-,Вики: невдалеке – нареч.
невзирая на,Вин,,10,+,+,-,"Устойчивое сочетание, исп. в кач-ве предлога",Сочетание предлогов,,+,+,+,+,+,+,
не в пример,Дат,,7,+,+,-,"Устойчивое сочетание, исп. в кач-ве нар.",Устойч. сочетание,,+,-,,+,+,-,"МАС: предложный + наречный оборот
НКРЯ: омонимия снята, наречный оборот"
не говоря о,Предл,"не говоря об
не говоря обо",4,+,+,-,-,-,,+,-,,+,-,-,"НКРЯ: омонимия снята, частица + деепр. + предлог"
недалеко от,Род,недалеко ото,7,+,+,-,"Устойчивое сочетание, исп. в кач-ве предлога",-,,+,+,+,+,-,-,МАС: недалеко – нареч.
не до,Род,,5,+,+,-,-,Устойч. сочетание,,+,-,,+,-,-,"МАС: предложный оборот
НКРЯ: омонимия снята, частица + предлог; часть наречных оборотов не до чего, не до шуток "
не доходя,Род,,3,,-,-,-,-,,+,+,,-,+,-,
не доходя до,Род,,2,,-,-,-,-,,+,-,,-,+,-,"НКРЯ: омонимия снята, частица + деепр. + предлог ?
Среди дизамбигуиров. контекстов для не доходя (предл. оборот) есть один с не доходя до"
независимо,Род,,2,+,+,-,"Нареч., прил.",Нареч.,Нареч.,Нареч.,Нареч.,,-,-,-,"(устаревшее употребление, до 1917 в НКРЯ)
НКРЯ: омонимия не снята в контекстах с предложным употреблением"
независимо от,Род,независимо ото,9,+,+,-,"Устойчивое сочетание, исп. в кач-ве предлога",Предложное сочетание с предлогом ОТ,,+,+,+,+,+,-,
незадолго до,Род,,2,,-,-,-,-,,+,+,,-,-,-,"МАС: незадолго – нареч.
Вики: незадолго – нареч."
не обращая внимания на,Вин,,1,,-,-,-,-,,-,-,+,-,-,-,"Вики: указаны уст. сочетания обратить/ обращать внимание
НКРЯ: омонимия снята, частица + деепр. + сущ. + предлог "
неподалёку от,Род,"неподалёку ото
неподалеку от
неподалеку ото",5,,+,-,-,Предложное сочетание с предлогом ОТ,,+,+,,+,-,-,Вики: неподалёку – нареч.
не позднее,Род,,1,,-,-,-,-,,-,-,+,-,-,-,"Вики: позднее – нареч. и предлог
МАС: позднее – нареч.
НКРЯ: омонимия снята, частица + наречие"
несмотря,,,5,,-,adv,+,+,+,+,+,,,-,-,
несмотря на,Вин,,10,+,+,-,"Устойчивое сочетание, исп. в кач-ве предлога",Предлог с вин.п. в сочетании с НА,,+,+,+,+,+,+,
не считая,Вин,,8,+,+,-,Устойчивое сочетание,-,,+,+,+,+,+,-,Вики: указан в категории Русские предлоги
ниже,Род,,9,+,+,+,+,+,+,+,+,,,-,+,
о,"Вин, Предл","об
обо",10,+,+,+,+,+,+,+,+,,,+,+,
обок,Род,,5,+,+,-,Нареч.,+,+,,+,,,-,-,Вики: указан в категории Русские предлоги
о бок с,Твор,о бок со,1,,-,-,-,-,,-,+,,-,-,-,
обочь,Род,,5,+,+,-,"Нареч., также предлог",+,-,,+,,,-,-,
одновременно с,Твор,одновременно со,2,,-,-,-,-,,-,+,+,-,-,-,"МАС: одновременно – нареч.
Вики: одновременно – нареч."
около,Род,,10,+,+,+,+,+,+,+,+,,,+,+,
окрест,Род,,8,+,+,+,"Нареч., также предлог",+,+,,+,,,-,+,
окромя,Род,окроме,5,,-,+,+,+,+,,+,,,-,-,
округ,Род,,4,,-,-, нареч. также предлог,+,Нареч.,,+,,,+,-,Ханко: только контексты с сущ.
опосля,Род,,3,,-,adv,нареч. также предлог,+,-,,+,,,-,-,
опричь,Род,,4,,-,-,+,+,+,,+,,,-,-,
от,Род,ото,10,+,+,+,+,+,+,+,+,,,+,+,
отдельно от,Род,отдельно ото,1,,-,-,-,-,,-,-,+,-,-,-,"Вики: отдельно – нареч.
МАС: отдельно – нареч.
НКРЯ: омонимия снята, наречие + предлог"
от имени,Род,,8,+,+,-,"Устойчивое сочетание, исп. в кач-ве предлога",Устойч. сочетание,,+,+,+,+,-,-,МАС: предложный оборот
от лица,Род,,8,+,+,-,"Устойчивое сочетание, исп. в кач-ве предлога",Устойч. сочетание,,+,+,+,+,-,-,МАС: предложный оборот
относительно,Род,,10,+,+,+,"Нареч., также предлог",+,+,+,+,,,+,+,
от рук,Род,,1,,-,-,-,-,,-,+,,-,-,-,
от руки,Род,,2,,-,-,-,-,,-,+,,нареч./сущ. с предлогом,-,-,
перед,Твор,"передо
пред
предо",10,+,+,+,+,+,+,+,+,,,+,+,
перед лицом,Род,,8,+,+,-,+ ?,Устойч. сочетание,,+,+,+,+,-,-,"МАС: предложный оборот
Вики: указано уст. сочетание пред лицом кого-чего"
перед началом,Род,,1,,-,-,-,-,,-,+,,-,-,-,
по,"Дат, Вин, Предл",,10,+,+,+,+,+,+,+,+,,,+,+,
по адресу,Род,,9,+,+,-,"Устойч. Сочетание, исп. В кач-ве предлога",Устойч. сочетание,,+,+,+,+,+,-,МАС: предложный оборот
по аналогии,Род,,1,,+,-,-,-,,-,-,,-,-,-,"НКРЯ: омонимия снята, предлог + сущ."
поблизости,Род,,3,+,+,-,Нареч.,Нареч.,Нареч.,,+,,,-,-,
поблизости от,Род,поблизости ото,7,+,+,-,"Устойчивое сочетание, исп. в кач-ве предлога",Предложное сочетание с предлогом ОТ,,+,+,,+,-,-,
по бокам,Род,,1,,-,-,-,-,,-,+,,-,-,-,
по бокам от,Род,по бокам ото,1,,-,-,-,-,,-,+,,-,-,-,
повдоль,Род,,1,,-,-,+,-,-,,Нареч.,,,-,-,НКРЯ: омонимия не снята в контекстах с предложным употреблением
поверх,Род,,10,+,+,+,+,+,+,+,+,,,+,+,
по вине,Род,,5,+,-,-,-,Устойч. сочетание,,+,+,+,-,-,-,МАС: предложный оборот
по вопросам,Род,,2,,-,-,-,-,,-,+,+,-,-,-,
по вопросам о,Предл,"по вопросам об
по вопросам обо",1,,-,-,-,-,,-,-,+,-,-,-,"НКРЯ: омонимия не снята, предлог + сущ. + предлог"
по вопросу,Род,,3,,-,-,-,-,,+,+,+,-,-,-,
по вопросу о,Предл,"по вопросу об
по вопросу обо",2,,-,-,-,Устойч. сочетание,,-,-,+,-,-,-,"МАС: предложный оборот
НКРЯ: омонимия снята, предлог + сущ. + предлог"
по выражению,Род,,3,,-,-,-,-,,-,+,+,в составе вводн. сочетания/ сущ. с предлогом,-,-,
погодя,Вин,,2,+,-,-,-,-,Нареч.,-,-,-,,+,-,
под,"Вин, Предл",подо,10,+,+,+,+,+,+,+,+,,,+,+,
под видом,Род,,8,+,+,-,"Устойчивое сочетание, исп. в кач-ве предлога",Устойч. сочетание,,+,+,,+,+,-,МАС: предложный оборот
под знаком,Род,,8,+,+,-,Устойч. сочетание,Устойч. сочетание,,+,+,+,+,-,-,МАС: предложный оборот
под знамёна,Род,под знамена,1,,-,-,-,-,,-,+,,-,-,-,
под знамёнами,Род,под знаменами,2,,-,-,Устойчивое сочетание,-,,-,+,,-,-,-,
под знаменем,Род,,3,,-,-,Устойчивое сочетание,Устойч. сочетание,,-,+,,-,-,-,МАС: предложный оборот
под знамя,Род,,1,,-,-,-,-,,-,+,,-,-,-,
под каблук,Род,,2,,-,-,Устойч. сочетание,-,,-,+,-,-,-,-,НКРЯ: приведён в списке наречных оборотов с примечанием «Также может выступать в функции предлога»
под каблуком,Род,,3,,-,-,"Устойч. сочетание, исп. в кач-ве наречной группы",? Устойч. сочетание,,-,+,-,-,-,-,"НКРЯ: приведён в списке наречных оборотов с примечанием «Также может выступать в функции предлога»
МАС: указаны уст. сочетания быть под каблуком у кого, держать под каблуком"
под командованием,Род,,1,,-,-,-,-,,-,+,,-,-,-,
под конец,Род,,4,,-,-,"Устойч. сочетание, исп. в кач-ве наречной группы",Устойч. сочетание,,Нареч.,+,-,Сочетание сущ. с предлогом,-,-,"НКРЯ: приведён в списке наречных оборотов с примечанием «Также может выступать в функции предлога»
Ханко: 1 контекст, предложное употребление
МАС: предложный оборот ?"
под контролем,Род,,2,,-,-,Устойч. сочетание,-,,-,+,-,-,-,-,НКРЯ: приведён в списке наречных оборотов с примечанием «Также может выступать в функции предлога»
под контроль,Род,,1,,-,-,-,-,,-,+,-,-,-,-,"НКРЯ: приведён в списке наречных оборотов с примечанием «Также может выступать в функции предлога»
Вики: указано уст. сочетание взять под контроль"
под крыло,Род,,1,,-,-,-,-,,-,+,-,-,-,-,"НКРЯ: приведён в списке наречных оборотов с примечанием «Также может выступать в функции предлога»
Вики: указаны уст. сочетания под крылышко, взять под крыло"
под крылом,Род,,1,,-,-,-,-,,-,+,-,-,-,-,"НКРЯ: приведён в списке наречных оборотов с примечанием «Также может выступать в функции предлога»
Вики: указано уст. сочетание быть под крылом"
подле,Род,,9,+,+,+,+,+,+,,+,,,+,+,
под личиной,Род,,2,,-,-,-,-,,+,+,,-,-,-,
под маркой,Род,,2,,-,-,-,Устойч. сочетание,,-,+,,-,-,-,МАС: предложный оборот
под мухой,Род,,3,,-,-,"Устойчивое сочетание, исп. в кач-ве наречия",Устойч. сочетание,,-,-,+,-,-,-,"МАС: наречный оборот
НКРЯ: омонимия снята, наречный оборот"
под названием,Им,,1,,-,-,-,-,,-,+,,-,-,-,
под начало,Род,,2,,-,-,-,Устойч. сочетание,,-,+,-,-,-,-,"НКРЯ: приведён в списке наречных оборотов с примечанием «Также может выступать в функции предлога»
МАС: предложный оборот ?"
под началом,Род,,3,,-,-,Устойч. сочетание,Устойч. сочетание,,-,+,,-,-,-,МАС: ?
под номером,Им,,1,,-,-,-,-,,-,+,,-,-,-,
под носом у,Род,,2,,-,-,-,Устойч. сочетание,,-,-,+,-,-,-,"Вики: указано уст. сочетание под носом
МАС: наречный оборот
НКРЯ: омонимия снята, предлог + сущ. + предлог"
подобно,Дат,,9,+,-,+,Нареч. в знач. предлога,Нареч. в знач. предлога,+,+,+,,,+,+,
по долгу,Род,,2,,-,-,-,Устойч. сочетание,,-,+,,-,-,-,МАС: предложный оборот
под покровом,Род,,3,,-,-,"Устойчивое сочетание, исп. в кач-ве наречия",Устойч. сочетание,,-,+,,-,-,-,МАС: предложный оборот
под предлогом,Род,,8,+,+,-,Устойч. сочетание,-,,+,+,+,+,+,-,
под председательством,Род,,2,+,+,-,-,-,,-,-,,-,-,-,"НКРЯ: омонимия снята, предлог + сущ."
под самым носом у,Род,,2,,-,-,-,Устойч. сочетание,,-,-,+,-,-,-,"Вики: указано уст. сочетание под самым носом
МАС: наречный оборот
НКРЯ: омонимия не снята, предлог + мест. прил. + сущ. + предлог; указан наречный оборот под самым носом, в дизамбиг. контекстах без У"
под сенью,Род,,3,,-,-,Устойч. сочетание,Устойч. сочетание,,-,+,,-,-,-,МАС: наречный оборот
под стать,Дат,,4,,-,-,"Устойчивое сочетание, исп. в кач-ве предикатива",Устойч. сочетание,,-,+,,в роли сказ.,-,-,МАС: предложный + наречный оборот ?
под стенами,Род,,1,,-,-,-,-,,-,+,,-,-,-,
под тон,"Род, Дат",,2,,-,-,-,Устойч. сочетание,,-,+,,-,-,-,МАС: предложный оборот ?
под углом,Им,,3,,-,-,Устойч. сочетание,Устойч. сочетание,,-,+,,-,-,-,МАС: предложный + наречный оборот ?
под эгидой,Род,,5,+,+,-,"Устойчивое сочетание, исп. в кач-ве предлога",Устойч. сочетание,,-,+,,-,-,-,МАС: ?
по-за,"Вин, Твор",,9,+,+,+,+,+,+,,+,,,+,+,
позади,Род,позадь,9,+,+,+,+,+,+,,+,,,+,+,
позднее,Род,,2,+,-,-,"наречие, также предлог",Нареч.,Нареч.,Нареч.,Нареч.,,,-,-,"Ханко: контексты только с нареч.
НКРЯ: омонимия снята"
по истечении,Род,,6,+,+,-,-,-,,+,+,+,+,-,-,
по линии,Род,,9,+,+,-,"Устойчивое сочетание, исп. в кач-ве предлога",Устойч. сочетание,,+,+,+,+,+,-,"МАС: разрывное, похоже на сочетание сущ+предлог"
по манию,Род,,2,,-,-,-,Устойч. сочетание,,-,+,,-,-,-,МАС: предложный оборот ?
по мере,Род,,10,+,+,-,"Устойчивое сочетание, исп. в кач-ве предлога",Сочетание в знач. предлога,,+,+,+,+,+,+,
по милости,Род,,3,,-,-,Устойч. сочетание,Устойч. сочетание,,-,+,,-,-,-,МАС: предложный оборот
помимо,Род,,10,+,+,+,+,+,+,+,+,,,+,+,
по миновании,Род,,2,,-,-,-,Устойч. сочетание,,-,+,,-,-,-,МАС: предложный оборот
по мнению,Род,,2,,-,-,-,-,,-,+,,в составе вводного сочетания,-,-,
по-над,Твор,,9,+,+,+,+,+,+,,+,,,+,+,
по направлению,Род,,4,+,+,-,-,-,,+,-,,+,-,-,"НКРЯ: омонимия снята, предлог + сущ. "
по направлению к,Дат,по направлению ко,7,+,+,-,"Устойчивое сочетание, исп. в кач-ве предлога",-,,+,-,+,+,+,-,"НКРЯ: омонимия снята, предлог + сущ. + предлог"
по наущению,Род,,2,,-,-,-,Устойч. сочетание,,-,+,,-,-,-,МАС: предложный оборот
по неимению,Род,,2,,-,-,-,Устойч. сочетание,,-,+,,-,-,-,МАС: предложный оборот
по образу,Род,,2,,-,-,-,-,,+,+,,-,-,-,
по образу и подобию,Род,,2,,-,-,-,Устойч. сочетание,,-,+,,-,-,-,
по образцу,Род,,1,-,-,-,-,-,,-,-,-,-,+,-,
поодаль от,Род,поодаль ото,6,+,+,-,-,Предложное сочетание с предлогом ОТ,,+,+,,+,-,-,Вики: поодаль - наречие
по окончании,Род,,2,,-,-,-,-,,-,+,+,-,-,-,
по отношению к,Дат,по отношению ко,9,+,+,-,"Устойчивое сочетание, исп. в кач-ве предлога",Сочетание в знач. предлога,,+,-,+,+,+,+,"НКРЯ: омонимия снята, предлог + сущ. + предлог"
поперёд,Род,поперед,3,+,-,-,+,-,-,,+,,,-,-,
поперёк,Род,поперек,8,+,+,+,"Нареч., также предлог",+,+,+,+,,,-,-,
по поводу,Род,,10,+,+,-,"Устойчивое сочетание, исп. в кач-ве предлога",Сочетание в знач. предлога,,+,+,+,+,+,+,
по-под,Твор,,2,+,-,-,+,-,-,,-,,,-,-,"НКРЯ: омонимия не снята, предлог + предлог, м.б. недочёт лемматизации
Один из источников контекстов – параграф об употреблении двойных предлогов (В.Ф. Барашков «А как у вас говорят?» (1986)"
по поручению,Род,,1,,-,-,-,-,,-,-,+,-,-,-,"НКРЯ: омонимия снята, предлог + сущ."
по праву,Род,,5,+,+,-,-,Устойч. сочетание,,+,-,,+,-,-,"МАС: наречный + предложный оборот
НКРЯ: омонимия снята, наречный оборот"
по предположениям,Род,,1,,-,-,-,-,,-,-,,+,-,-,"НКРЯ: омонимия не снята, предлог + сущ."
по прибытии,Род,,1,,-,-,-,-,,-,-,+,-,-,-,"НКРЯ: омонимия снята, предлог + сущ."
по примеру,Род,,4,+,+,-,-,-,,+,+,,-,-,-,
по принципу,Род,,2,,-,-,-,Устойч. сочетание,,-,+,,-,-,-,
по причине,Род,,9,+,+,-,"Устойчивое сочетание, исп. в кач-ве предлога",Сочетание в знач. предлога,,+,+,+,+,+,-,
по прошествии,Род,,7,+,+,-,Устойч. сочетание,-,,+,+,+,+,-,-,
по просьбе,Род,,1,,-,-,-,-,,-,-,+,-,-,-,"НКРЯ: омонимия снята, предлог + сущ."
по прочтении,Род,,1,,-,-,-,-,,-,-,+,-,-,-,"НКРЯ: омонимия снята, предлог + сущ."
по пути,Род,,7,+,+,-,Устойч. сочетание,Устойч. сочетание,,+,-,+,+,-,-,"МАС: наречный + предложный оборот ?
НКРЯ: омонимия снята, наречный оборот"
по пути к,Дат,по пути ко,1,,-,-,-,-,,+,-,,-,-,-,"НКРЯ: омонимия снята, наречный оборот + предлог ?"
по пути на,Вин,,1,,-,-,-,-,,-,-,+,-,-,-,"НКРЯ: омонимия снята, наречный оборот + предлог ?"
порядка,Род,,5,+,-,-,+,-,Сущ.,Сущ.,+,,,+,+,
по сведениям,Род,,2,,-,-,-,-,,-,+,,в составе вводного сочетания,-,-,
посверху,Род,,1,,-,-,+,-,-,,Нареч.,,,-,-,"НКРЯ: омонимия не снята, всего 1 контекст, предложное употребление"
посереди,Род,,6,+,+,-,+,+,+,,+,,,-,-,
посередине,Род,,9,+,+,+,+,+,+,,+,,,+,+,
посерёдке,Род,посередке,2,+,-,adv,+,-,Нареч.,,Нареч.,,,-,-,НКРЯ: омонимия не снята в контекстах с предложным употреблением
посередь,Род,,6,+,-,+,+,+,+,,+,,,-,-,
после,Род,,10,+,+,+,"Наречие, также предлог",+,+,+,+,,,+,+,
по случаю,Род,,8,+,+,-,"Устойчивое сочетание, исп. в кач-ве предлога",Устойч. сочетание,,+,+,,+,+,-,"МАС: предложный оборот
НКРЯ: приведён в списке наречных оборотов с примечанием «Также может выступать в функции предлога»"
по совету,Род,,1,,-,-,-,-,,-,-,+,-,-,-,"НКРЯ: омонимия снята, предлог + сущ."
по согласованию с,Твор,по согласованию со,1,,-,-,-,-,,-,+,,-,-,-,
по сравнении с,Твор,по сравнении со,1,,-,-,-,-,,-,-,+,-,-,-,"НКРЯ: омонимия не снята, предлог + сущ. + предлог, м.б. неучтённый вариант"
по сравнению с,Твор,по сравнению со,10,+,+,-,"Устойчивое сочетание, исп. в кач-ве предлога",Устойч. сочетание,,+,+,+,+,+,+,МАС: наречный + предложный оборот
посреди,Род,,10,+,+,+,+,+,+,+,+,,,+,+,
посредине,Род,,7,+,+,+,+,+,+,,+,,,-,-,
посредством,Род,,10,+,+,+,+,+,+,+,+,,,+,+,
по стопам,Род,,3,+,+,-,-,Устойч. сочетание,,-,-,,-,-,-,"МАС: предложный оборот ?
Вики: указано уст. сочетание по чьим-либо стопам
НКРЯ: омонимия снята, предлог + сущ."
по существу,Род,,4,,-,-,Устойч. сочетание,Устойч. сочет. в знач. вводн. сл.,,+,-,,сущ. с предлогом,-,-,"НКРЯ: омонимия снята, наречный оборот"
по уполномочию,Род,,2,,-,-,-,Устойч. сочетание,,-,+,,-,-,-,МАС: предложный оборот
по ходу,Род,,2,,-,-,"Устойчивое сочетание, исп. в кач-ве предлога",-,,-,+,,-,-,-,
по части,Род,,8,+,+,-,-,Устойч. сочетание,,+,+,+,+,+,-,МАС: предложный оборот
превыше,Род,,5,+,+,+,Нареч.,Нареч.,Нареч.,,+,,,-,+,
преж,Род,,2,,-,-,+,-,-,,+,,,-,-,
прежде,Род,,10,+,+,+,+,+,+,+,+,,,+,+,
при,Предл,,10,+,+,+,+,+,+,+,+,,,+,+,
при всём,Предл,"при всем
при всей
при всех",3,+,+,-,-,-,,-,-,,+,-,-,"НКРЯ: омонимия снята, предлог + мест. прил."
при жизни,Род,,1,,-,-,-,-,,-,+,-,-,-,-,НКРЯ: приведён в списке наречных оборотов с примечанием «Также может выступать в функции предлога»
применительно к,Дат,применительно ко,8,+,+,-,"Устойчивое сочетание, исп. в кач-ве предлога",Сочетание в знач. предлога,,+,+,,+,+,-, 
при помощи,Род,,10,+,+,-,"Устойчивое сочетание (предлог), исп. в кач-ве предлога",Сочетание в знач. предлога,,+,+,+,+,+,+,
при посредстве,Род,,9,+,+,-,Устойч. сочетание,Сочетание в знач. предлога,,+,+,+,+,+,-,
при условии,Род,,6,+,+,-,"Устойчивое сочетание, исп. в кач-ве союза",-,,+,+,,-,+,-,
про,Вин,,10,+,+,+,+,+,+,+,+,,,+,+,
пройдя,Вин,,1,-,-,-,-,-,-,-,-,-,,+,-,
промеж,Род,,8,+,+,+,+,+,+,,+,,,-,+,
промежду,Род,промеж ?,7,+,+,-,+,+,+,,+,,,-,+,
против,Род,,10,+,+,+,+,+,+,+,+,,,+,+,
противно,Дат,,6,+,+,-,+,+,+,,+,,,-,-,Ханко: 1 контекст
противу,Род,,5,,-,+,+,+,+,,+,,,-,-,
путём,Род,путем,8,+,+,+,+,+,+,+,+,,,-,-,
ради,Род,,10,+,+,+,+,+,+,+,+,,,+,+,
рядом с,Твор,рядом со,9,+,+,-,"Устойчивое сочетание (предлог), исп. в кач-ве предлога",Сочетание в знач. предлога,,+,+,+,+,+,-,
с,"Род, Твор",со,10,+,+,+,+,+,+,+,+,,,+,+,
сбоку,Род,,4,+,-,-,Нареч.,+,-,-,+,,,+,-,
сбоку от,Род,сбоку ото,5,+,+,-,-,-,,+,+,,+,-,-,
с ведома,Род,,6,+,+,-,"Устойч. сочетание, исп. в кач-ве именной группы",-,,+,+,,+,-,-,Вики: указан в категории Русские предлоги
сверх,Род,,9,+,+,+,+,+,+,,+,,,+,+,
сверху,Род,,5,+,+,-,"Наречие, также предлог",нареч.,+,Нареч.,+,,,-,-,Ханко: 3 контекста
свыше,Род,,10,+,+,+,+,+,+,+,+,,,+,+,
середи,Род,,3,,-,?,+,+,-,,+,,,-,-,
середь,Род,,7,+,+,+,+,+,+,,+,,,-,-,
сзади,Род,,9,+,+,+,+,+,+,Нареч.,+,,,+,+,Ханко: 1 контекст
силами,Род,,3,+,+,-,-,Нареч.,-,Сущ.,+,,,-,-,
сквозь,Вин,,10,+,+,+,+,+,+,+,+,,,+,+,
сквозь призму,Род,,2,,-,-,-,Устойч. сочетание,,-,+,,-,-,-,МАС: предложный оборот
скрозь,Вин,,1,,-,-,+,-,-,,Нареч.,,,-,-,НКРЯ: омонимия не снята в контекстах с предложным употреблением
слева от,Род,слева ото,2,,-,-,-,-,,+,+,,-,-,-,"МАС: слева – нареч.
Вики: слева – нареч."
следом за,Твор,,8,+,+,-,"Устойчивое сочетание, исп. в кач-ве предлога",Предложное сочетание,,+,+,,+,+,-,
с лёгкой руки,Род,с легкой руки,3,,-,-,Устойч. сочетание,Устойч. сочетание,,-,+,,-,-,-,МАС: наречный оборот ?
с момента,Род,,1,,-,-,-,-,,-,+,,-,-,-,
смотря по,Дат,,9,+,+,-,Устойчивое сочетание,Устойч. сочетание,,+,+,+,+,+,-,"МАС: предложный оборот
Вики: указан в категории Русские предлоги"
снаружи,Род,,5,+,+,-,Нареч.,Нареч.,+,Нареч.,+,,,-,+,Ханко: 1 контекст
с начала,Род,,1,,-,-,-,-,,-,+,,-,-,-,
с началом,Род,,1,,-,-,-,-,,-,+,,-,-,-,
снизу,Род,,5,+,+,-,+,Нареч.,+,Нареч.,+,,,-,-,Ханко: 2 контекста
совместно с,Твор,совместно со,8,+,+,-,-,Сочетание с нареч.,,+,+,+,+,+,-,Вики: совместно – нареч.
со всеми онёрами,Род,со всеми онерами,3,,-,-,Устойчивое сочетание,Устойч. сочетание,,-,-,+,-,-,-,"МАС: наречный оборот
НКРЯ: омонимия не снята, предлог + мест. прил. + сущ."
согласно,Дат,,10,+,+,+,+,+,+,+,+,,,+,+,
согласно с,Твор,согласно со,8,+,+,-,-,Сочетание в знач. предлога,,+,+,+,+,+,-,
сообразно,Дат,,8,+,+,+,Нареч.,+,+,,+,,,+,+,
сообразно с,Твор,сообразно со,8,+,+,-,-,Сочетание в знач. предлога,,+,+,+,+,+,-,
соответственно,Дат,,7,+,+,+,Нареч.,+,+,Нареч.,+,,,+,-,Ханко: только контексты с нареч.
соответственно с,Твор,соответственно со,8,+,+,-,-,Сочетание в знач. предлога,,+,+,+,+,+,-,
соразмерно,Дат,,6,+,+,-,Нареч.,+,+,,+,,,+,-,
соразмерно с,Твор,соразмерно со,8,+,+,-,-,Сочетание в знач. предлога,,+,+,+,+,+,-,
со слов,Род,,3,,-,-,Устойч. сочетание,Устойч. сочетание,,-,+,,-,-,-,МАС: предложный + наречный оборот ?
со ссылкой на,Вин,,1,,-,-,-,-,,-,-,+,-,-,-,"НКРЯ: омонимия снята, предлог + сущ. + предлог"
со стороны,Род,,10,+,+,-,"Устойчивое сочетание, исп. в кач-ве предлога",Устойч. сочетание,,+,+,+,+,+,+,МАС: предложный оборот
спереди,Род,,6,+,+,-,Нареч.,+,+,,+,,,-,+,
с подачи,Род,,2,,-,-,Устойч. сочетание,-,,-,+,,-,-,-,
с помощью,Род,,10,+,+,-,"Устойчивое сочетание (предлог), исп. в кач-ве предлога",Сочетание в знач. предлога,,+,+,+,+,+,+,
справа от,Род,справа ото,2,,-,-,-,-,,+,+,,-,-,-,"МАС: справа – нареч.
Вики: справа – нареч."
с прицелом на,Вин,,1,,-,-," Устойч. сочетание, исп. в кач-ве предлога",-,,-,-,,-,-,-,"НКРЯ: омонимия снята, предлог + сущ. + предлог"
спустя,Вин,,10,+,+,+,+,+,+,+,+,,,+,+,
сравнительно с,Твор,сравнительно со,8,+,+,-,"Устойчивое сочетание, исп. в кач-ве предлога",Устойч. сочетание,,+,+,,+,+,-,МАС: предложный оборот
среди,Род,средь,10,+,+,+,+,+,+,+,+,,,+,+,
сродни,Дат,,4,+,-,+,"Нареч., также предлог",Нареч.,+,,+,,,-,-,
с точки зрения,Род,,5,,-,-," Устойч. сочетание, исп. в кач-ве предлога",Устойч. сочетание,,+,+,+,-,-,-,"МАС: предложный оборот
НКРЯ: указан среди вводных оборотов с пометой «Также может выступать в функции предлога»"
судя по,Дат,,9,+,+,-,"Устойчивое сочетание (предлог), исп. в кач-ве предлога",Устойч. сочетание,,+,+,+,+,+,-,МАС: предложный оборот
супротив,Род,,7,+,+,+,+,+,+,,+,,,-,-,
с учётом,Род,с учетом,4,,+,-,-,-,,+,+,,+,-,-,
с целью,Род,,9,+,+,-,"Устойчивое сочетание, исп. в кач-ве предлога",Устойч. сочетание,,+,+,+,+,+,-,МАС: предложный оборот
считая,Вин,,3,+,-,-,-,-,-,-,+,-,,+,-,
типа,Род,,5,+,-,+,Частица,-,+,Сущ.,+,,,+,-,
у,Род,,10,+,+,+,+,+,+,+,+,,,+,+,
у ворот,Род,,3,,-,-,Устойч. сочетание,Устойч. сочетание,,-,+,-,-,-,-,"НКРЯ: приведён в списке наречных оборотов с примечанием «Также может выступать в функции предлога»
МАС: предложный оборот ?"
у кормила,Род,,2,,-,-,-,? Устойч. сочетание,,-,+,-,-,-,-,"НКРЯ: приведён в списке наречных оборотов с примечанием «Также может выступать в функции предлога»
МАС: (быть/стоять) у кормила правления/власти"
у ног,Род,,2,,-,-,-,? Устойч. сочетание,,-,+,-,-,-,-,"НКРЯ: приведён в списке наречных оборотов с примечанием «Также может выступать в функции предлога»
МАС: быть у ног (чьих)"
у руля,Род,,1,,-,-,-,-,,-,+,-,-,-,-,"НКРЯ: приведён в списке наречных оборотов с примечанием «Также может выступать в функции предлога»
Вики: указано уст. сочетание быть у руля"
у стен,Род,,1,,-,-,-,-,,-,+,-,-,-,-,НКРЯ: приведён в списке наречных оборотов с примечанием «Также может выступать в функции предлога»
через,Вин,"черезо
чрез",10,+,+,+,+,+,+,+,+,,,+,+,
через посредство,Род,,5,,-,-,Устойч. сочетание,Сочетание в знач. предлога,,+,+,,-,+,-,
что до,Род,,5,+,+,-,-,Сочетание с предлогом,,+,-,,+,-,-,"НКРЯ: омонимия снята, союз + предлог"
